model,network,file,config,node,recall,f1_score,delay,TP,TN,FP,FN,event_missed,false_alarm
AE,Hanoi,all_results_16_AUTOENCODER.pkl,AUTOENCODER,16,0.9869451697127938,0.9934296977660972,10,756,49,0,10,0,0
AE,Hanoi,all_results_16_AUTOENCODER.pkl,AUTOENCODER2,16,0.9842105263157894,0.9920424403183024,9,561,245,0,9,0,0
AE,Hanoi,all_results_16_AUTOENCODER.pkl,AUTOENCODER3,16,0.9738903394255874,0.9867724867724867,10,373,432,0,10,0,0
AE,Hanoi,all_results_18_AUTOENCODER.pkl,AUTOENCODER,18,0.98828125,0.9941060903732809,9,759,47,0,9,0,0
AE,Hanoi,all_results_18_AUTOENCODER.pkl,AUTOENCODER2,18,0.984375,0.9921259842519685,9,567,239,0,9,0,0
AE,Hanoi,all_results_18_AUTOENCODER.pkl,AUTOENCODER3,18,0.9765625,0.9881422924901185,9,375,431,0,9,0,0
AE,Hanoi,all_results_20_AUTOENCODER.pkl,AUTOENCODER,20,0.984375,0.9921259842519685,12,756,47,0,12,0,0
AE,Hanoi,all_results_20_AUTOENCODER.pkl,AUTOENCODER2,20,0.984375,0.9921259842519685,9,567,239,0,9,0,0
AE,Hanoi,all_results_20_AUTOENCODER.pkl,AUTOENCODER3,20,0.9739583333333334,0.9868073878627969,10,374,431,0,10,0,0
AE,Hanoi,all_results_22_AUTOENCODER.pkl,AUTOENCODER,22,0.9869791666666666,0.9934469200524246,10,758,47,0,10,0,0
AE,Hanoi,all_results_22_AUTOENCODER.pkl,AUTOENCODER2,22,0.9843478260869565,0.9921121822962313,9,566,240,0,9,0,0
AE,Hanoi,all_results_22_AUTOENCODER.pkl,AUTOENCODER3,22,0.9739583333333334,0.9868073878627969,10,374,431,0,10,0,0
AE,Hanoi,all_results_25_AUTOENCODER.pkl,AUTOENCODER,25,0.9882506527415144,0.9940906106369009,9,757,49,0,9,0,0
AE,Hanoi,all_results_25_AUTOENCODER.pkl,AUTOENCODER2,25,0.9843205574912892,0.9920983318700615,9,565,241,0,9,0,0
AE,Hanoi,all_results_25_AUTOENCODER.pkl,AUTOENCODER3,25,0.9764397905759162,0.9880794701986755,9,373,433,0,9,0,0
AE,Hanoi,all_results_31_AUTOENCODER.pkl,AUTOENCODER,31,0.9882044560943644,0.994067237969677,9,754,52,0,9,0,0
AE,Hanoi,all_results_31_AUTOENCODER.pkl,AUTOENCODER2,31,0.9842381786339754,0.9920564872021183,9,562,244,0,9,0,0
AE,Hanoi,all_results_31_AUTOENCODER.pkl,AUTOENCODER3,31,0.9711286089238845,0.9853528628495339,11,370,434,0,11,0,0
AE,Hanoi,all_results_5_AUTOENCODER.pkl,AUTOENCODER,5,0.98828125,0.9941060903732809,9,759,47,0,9,0,0
AE,Hanoi,all_results_5_AUTOENCODER.pkl,AUTOENCODER2,5,0.984375,0.9921259842519685,9,567,239,0,9,0,0
AE,Hanoi,all_results_5_AUTOENCODER.pkl,AUTOENCODER3,5,0.9765625,0.9881422924901185,9,375,431,0,9,0,0
AE,Hanoi,all_results_9_AUTOENCODER.pkl,AUTOENCODER,9,0.9869791666666666,0.9934469200524246,10,758,47,0,10,0,0
AE,Hanoi,all_results_9_AUTOENCODER.pkl,AUTOENCODER2,9,0.9826086956521739,0.9912280701754386,10,565,240,0,10,0,0
AE,Hanoi,all_results_9_AUTOENCODER.pkl,AUTOENCODER3,9,0.9765013054830287,0.988110964332893,9,374,432,0,9,0,0
AE,Net1,all_results_11_AUTOENCODER.pkl,AUTOENCODER,11,0.861003861003861,0.9253112033195021,72,446,297,0,72,0,0
AE,Net1,all_results_11_AUTOENCODER.pkl,AUTOENCODER2,11,0.8484375,0.9180050718512257,97,543,0,0,97,0,0
AE,Net1,all_results_11_AUTOENCODER.pkl,AUTOENCODER3,11,1.0,0.6691266912669127,0,272,99,269,0,0,1
AE,Net1,all_results_12_AUTOENCODER.pkl,AUTOENCODER,12,1.0,0.9103448275862069,0,528,183,104,0,0,1
AE,Net1,all_results_12_AUTOENCODER.pkl,AUTOENCODER2,12,0.8625,0.9261744966442953,88,552,0,0,88,0,0
AE,Net1,all_results_12_AUTOENCODER.pkl,AUTOENCODER3,12,1.0,0.6517647058823529,0,277,67,296,0,0,1
AE,Net1,all_results_13_AUTOENCODER.pkl,AUTOENCODER,13,0.8670520231213873,0.9287925696594427,69,450,296,0,69,0,0
AE,Net1,all_results_13_AUTOENCODER.pkl,AUTOENCODER2,13,0.8859375,0.9395194697597349,73,567,0,0,73,0,0
AE,Net1,all_results_13_AUTOENCODER.pkl,AUTOENCODER3,13,0.6580882352941176,0.7937915742793792,93,179,368,0,93,0,0
AE,Net1,all_results_21_AUTOENCODER.pkl,AUTOENCODER,21,0.8988326848249028,0.9467213114754098,52,462,301,0,52,0,0
AE,Net1,all_results_21_AUTOENCODER.pkl,AUTOENCODER2,21,0.9359375,0.966908797417272,41,599,0,0,41,0,0
AE,Net1,all_results_21_AUTOENCODER.pkl,AUTOENCODER3,21,1.0,0.6568986568986569,0,269,90,281,0,0,1
AE,Net1,all_results_22_AUTOENCODER.pkl,AUTOENCODER,22,1.0,0.9048843187660668,0,528,176,111,0,0,1
AE,Net1,all_results_22_AUTOENCODER.pkl,AUTOENCODER2,22,0.8453125,0.9161727349703641,99,541,0,0,99,0,0
AE,Net1,all_results_22_AUTOENCODER.pkl,AUTOENCODER3,22,1.0,0.6939759036144578,0,288,98,254,0,0,1
AE,Net1,all_results_23_AUTOENCODER.pkl,AUTOENCODER,23,1.0,0.9239033124440466,0,516,214,85,0,0,1
AE,Net1,all_results_23_AUTOENCODER.pkl,AUTOENCODER2,23,0.940625,0.9694041867954911,38,602,0,0,38,0,0
AE,Net1,all_results_23_AUTOENCODER.pkl,AUTOENCODER3,23,0.75,0.8571428571428571,69,207,364,0,69,0,0
AE,Net1,all_results_31_AUTOENCODER.pkl,AUTOENCODER,31,0.9156862745098039,0.9559877175025588,43,467,305,0,43,0,0
AE,Net1,all_results_31_AUTOENCODER.pkl,AUTOENCODER2,31,0.9403453689167975,0.9692556634304207,38,599,3,0,38,0,0
AE,Net1,all_results_31_AUTOENCODER.pkl,AUTOENCODER3,31,1.0,0.6882276843467011,0,266,133,241,0,0,1
AE,Net1,all_results_32_AUTOENCODER.pkl,AUTOENCODER,32,0.8978805394990366,0.9461928934010152,53,466,296,0,53,0,0
AE,Net1,all_results_32_AUTOENCODER.pkl,AUTOENCODER2,32,0.95,0.9743589743589743,32,608,0,0,32,0,0
AE,Net1,all_results_32_AUTOENCODER.pkl,AUTOENCODER3,32,1.0,0.99644128113879,0,280,358,2,0,0,1
CNN_multi_nodes,Hanoi,all_results_CNN_MULTI_NODES.pkl,CNN_multi_nodes1,5,0.99609375,0.9980430528375733,3,765,193,0,3,0,0
CNN_multi_nodes,Hanoi,all_results_CNN_MULTI_NODES.pkl,CNN_multi_nodes1,9,0.9947916666666666,0.9973890339425587,4,764,193,0,4,0,0
CNN_multi_nodes,Hanoi,all_results_CNN_MULTI_NODES.pkl,CNN_multi_nodes1,16,0.9986945169712794,0.999346832135859,1,765,195,0,1,0,0
CNN_multi_nodes,Hanoi,all_results_CNN_MULTI_NODES.pkl,CNN_multi_nodes1,18,0.99609375,0.9980430528375733,3,765,193,0,3,0,0
CNN_multi_nodes,Hanoi,all_results_CNN_MULTI_NODES.pkl,CNN_multi_nodes1,20,0.99609375,0.9980430528375733,3,765,193,0,3,0,0
CNN_multi_nodes,Hanoi,all_results_CNN_MULTI_NODES.pkl,CNN_multi_nodes1,22,0.9947916666666666,0.9973890339425587,4,764,193,0,4,0,0
CNN_multi_nodes,Hanoi,all_results_CNN_MULTI_NODES.pkl,CNN_multi_nodes1,25,0.9986945169712794,0.999346832135859,1,765,195,0,1,0,0
CNN_multi_nodes,Hanoi,all_results_CNN_MULTI_NODES.pkl,CNN_multi_nodes1,31,0.9973787680209698,0.9986876640419947,2,761,198,0,2,0,0
CNN_multi_nodes,Hanoi,all_results_CNN_MULTI_NODES.pkl,CNN_multi_nodes2,5,0.9930555555555556,0.9965156794425087,4,572,385,0,4,0,0
CNN_multi_nodes,Hanoi,all_results_CNN_MULTI_NODES.pkl,CNN_multi_nodes2,9,0.9930434782608696,0.9965095986038395,4,571,386,0,4,0,0
CNN_multi_nodes,Hanoi,all_results_CNN_MULTI_NODES.pkl,CNN_multi_nodes2,16,1.0,0.9991235758106923,0,570,390,1,0,0,1
CNN_multi_nodes,Hanoi,all_results_CNN_MULTI_NODES.pkl,CNN_multi_nodes2,18,0.9930555555555556,0.9965156794425087,4,572,385,0,4,0,0
CNN_multi_nodes,Hanoi,all_results_CNN_MULTI_NODES.pkl,CNN_multi_nodes2,20,0.9930555555555556,0.9965156794425087,4,572,385,0,4,0,0
CNN_multi_nodes,Hanoi,all_results_CNN_MULTI_NODES.pkl,CNN_multi_nodes2,22,0.9947826086956522,0.997384481255449,3,572,386,0,3,0,0
CNN_multi_nodes,Hanoi,all_results_CNN_MULTI_NODES.pkl,CNN_multi_nodes2,25,0.9947735191637631,0.9973799126637555,3,571,387,0,3,0,0
CNN_multi_nodes,Hanoi,all_results_CNN_MULTI_NODES.pkl,CNN_multi_nodes2,31,0.9964973730297724,0.9982456140350877,2,569,390,0,2,0,0
CNN_multi_nodes,Hanoi,all_results_CNN_MULTI_NODES.pkl,CNN_multi_nodes3,5,0.9921875,0.996078431372549,3,381,577,0,3,0,0
CNN_multi_nodes,Hanoi,all_results_CNN_MULTI_NODES.pkl,CNN_multi_nodes3,9,0.9921671018276762,0.9960681520314548,3,380,578,0,3,0,0
CNN_multi_nodes,Hanoi,all_results_CNN_MULTI_NODES.pkl,CNN_multi_nodes3,16,0.9895561357702349,0.994750656167979,4,379,578,0,4,0,0
CNN_multi_nodes,Hanoi,all_results_CNN_MULTI_NODES.pkl,CNN_multi_nodes3,18,0.9921875,0.996078431372549,3,381,577,0,3,0,0
CNN_multi_nodes,Hanoi,all_results_CNN_MULTI_NODES.pkl,CNN_multi_nodes3,20,0.9921875,0.996078431372549,3,381,577,0,3,0,0
CNN_multi_nodes,Hanoi,all_results_CNN_MULTI_NODES.pkl,CNN_multi_nodes3,22,0.9895833333333334,0.9947643979057592,4,380,577,0,4,0,0
CNN_multi_nodes,Hanoi,all_results_CNN_MULTI_NODES.pkl,CNN_multi_nodes3,25,0.9921465968586387,0.9960578186596584,3,379,579,0,3,0,0
CNN_multi_nodes,Hanoi,all_results_CNN_MULTI_NODES.pkl,CNN_multi_nodes3,31,0.989501312335958,0.9947229551451188,4,377,580,0,4,0,0
CNN_multi_nodes,Net1,all_results_CNN_multi_nodes.pkl,CNN_multi_nodes1,11,0.0,0.0,518,0,443,0,518,1,0
CNN_multi_nodes,Net1,all_results_CNN_multi_nodes.pkl,CNN_multi_nodes1,12,0.9715909090909091,0.9855907780979827,15,513,433,0,15,0,0
CNN_multi_nodes,Net1,all_results_CNN_multi_nodes.pkl,CNN_multi_nodes1,13,0.9614643545279383,0.9803536345776032,20,499,442,0,20,0,0
CNN_multi_nodes,Net1,all_results_CNN_multi_nodes.pkl,CNN_multi_nodes1,21,0.0,0.0,514,0,447,0,514,1,0
CNN_multi_nodes,Net1,all_results_CNN_multi_nodes.pkl,CNN_multi_nodes1,22,0.9621212121212122,0.9806949806949807,20,508,433,0,20,0,0
CNN_multi_nodes,Net1,all_results_CNN_multi_nodes.pkl,CNN_multi_nodes1,23,0.9593023255813954,0.9792284866468842,21,495,445,0,21,0,0
CNN_multi_nodes,Net1,all_results_CNN_multi_nodes.pkl,CNN_multi_nodes1,31,0.0,0.0,510,0,451,0,510,1,0
CNN_multi_nodes,Net1,all_results_CNN_multi_nodes.pkl,CNN_multi_nodes1,32,0.9633911368015414,0.9813542688910697,19,500,442,0,19,0,0
CNN_multi_nodes,Net1,all_results_CNN_multi_nodes.pkl,CNN_multi_nodes2,11,0.0,0.0,695,0,266,0,695,1,0
CNN_multi_nodes,Net1,all_results_CNN_multi_nodes.pkl,CNN_multi_nodes2,12,1.0,0.8613678373382625,0,699,37,225,0,0,1
CNN_multi_nodes,Net1,all_results_CNN_multi_nodes.pkl,CNN_multi_nodes2,13,1.0,0.8585546633724521,0,695,37,229,0,0,1
CNN_multi_nodes,Net1,all_results_CNN_multi_nodes.pkl,CNN_multi_nodes2,21,0.0,0.0,706,0,255,0,706,1,0
CNN_multi_nodes,Net1,all_results_CNN_multi_nodes.pkl,CNN_multi_nodes2,22,1.0,0.8759124087591241,0,720,37,204,0,0,1
CNN_multi_nodes,Net1,all_results_CNN_multi_nodes.pkl,CNN_multi_nodes2,23,1.0,0.8588957055214724,0,700,31,230,0,0,1
CNN_multi_nodes,Net1,all_results_CNN_multi_nodes.pkl,CNN_multi_nodes2,31,0.0,0.0,701,0,260,0,701,1,0
CNN_multi_nodes,Net1,all_results_CNN_multi_nodes.pkl,CNN_multi_nodes2,32,1.0,0.9546061415220294,0,715,178,68,0,0,1
CNN_multi_nodes,Net1,all_results_CNN_multi_nodes.pkl,CNN_multi_nodes3,11,0.0,0.0,272,0,689,0,272,1,0
CNN_multi_nodes,Net1,all_results_CNN_multi_nodes.pkl,CNN_multi_nodes3,12,0.9314079422382672,0.9644859813084112,19,258,684,0,19,0,0
CNN_multi_nodes,Net1,all_results_CNN_multi_nodes.pkl,CNN_multi_nodes3,13,0.9301470588235294,0.9638095238095238,19,253,689,0,19,0,0
CNN_multi_nodes,Net1,all_results_CNN_multi_nodes.pkl,CNN_multi_nodes3,21,0.0,0.0,269,0,692,0,269,1,0
CNN_multi_nodes,Net1,all_results_CNN_multi_nodes.pkl,CNN_multi_nodes3,22,0.9131944444444444,0.9546279491833031,25,263,673,0,25,0,0
CNN_multi_nodes,Net1,all_results_CNN_multi_nodes.pkl,CNN_multi_nodes3,23,0.9347826086956522,0.9662921348314607,18,258,685,0,18,0,0
CNN_multi_nodes,Net1,all_results_CNN_multi_nodes.pkl,CNN_multi_nodes3,31,0.0,0.0,266,0,695,0,266,1,0
CNN_multi_nodes,Net1,all_results_CNN_multi_nodes.pkl,CNN_multi_nodes3,32,0.8142857142857143,0.8976377952755905,52,228,681,0,52,0,0
CNN_SVR,Hanoi,all_results_16_CNN.pkl,CNN,16,0.9895561357702349,0.994750656167979,4,379,482,0,4,0,0
CNN_SVR,Hanoi,all_results_16_CNN.pkl,CNN2,16,0.9947780678851175,0.9973821989528796,4,762,99,0,4,0,0
CNN_SVR,Hanoi,all_results_16_CNN.pkl,CNN3,16,0.9947368421052631,0.9973614775725593,3,567,295,0,3,0,0
CNN_SVR,Hanoi,all_results_18_CNN.pkl,CNN,18,0.9895833333333334,0.9947643979057592,4,380,481,0,4,0,0
CNN_SVR,Hanoi,all_results_18_CNN.pkl,CNN2,18,0.9947916666666666,0.9973890339425587,4,764,97,0,4,0,0
CNN_SVR,Hanoi,all_results_18_CNN.pkl,CNN3,18,0.9930555555555556,0.9965156794425087,4,572,289,0,4,0,0
CNN_SVR,Hanoi,all_results_20_CNN.pkl,CNN,20,0.9895833333333334,0.9947643979057592,4,380,481,0,4,0,0
CNN_SVR,Hanoi,all_results_20_CNN.pkl,CNN2,20,0.9947916666666666,0.9973890339425587,4,764,97,0,4,0,0
CNN_SVR,Hanoi,all_results_20_CNN.pkl,CNN3,20,0.9930555555555556,0.9965156794425087,4,572,289,0,4,0,0
CNN_SVR,Hanoi,all_results_22_CNN.pkl,CNN,22,0.9921875,0.996078431372549,3,381,481,0,3,0,0
CNN_SVR,Hanoi,all_results_22_CNN.pkl,CNN2,22,0.99609375,0.9980430528375733,3,765,97,0,3,0,0
CNN_SVR,Hanoi,all_results_22_CNN.pkl,CNN3,22,0.9947826086956522,0.997384481255449,3,572,290,0,3,0,0
CNN_SVR,Hanoi,all_results_25_CNN.pkl,CNN,25,0.9895287958115183,0.9947368421052631,4,378,483,0,4,0,0
CNN_SVR,Hanoi,all_results_25_CNN.pkl,CNN2,25,0.9947780678851175,0.9973821989528796,4,762,99,0,4,0,0
CNN_SVR,Hanoi,all_results_25_CNN.pkl,CNN3,25,0.9930313588850174,0.9965034965034965,4,570,291,0,4,0,0
CNN_SVR,Hanoi,all_results_31_CNN.pkl,CNN,31,0.9868766404199475,0.9933949801849405,5,376,484,0,5,0,0
CNN_SVR,Hanoi,all_results_31_CNN.pkl,CNN2,31,0.9960681520314548,0.9980302035456337,3,760,102,0,3,0,0
CNN_SVR,Hanoi,all_results_31_CNN.pkl,CNN3,31,0.9947460595446584,0.9973661106233538,3,568,294,0,3,0,0
CNN_SVR,Hanoi,all_results_5_CNN.pkl,CNN,5,0.9895833333333334,0.9947643979057592,4,380,481,0,4,0,0
CNN_SVR,Hanoi,all_results_5_CNN.pkl,CNN2,5,0.9947916666666666,0.9973890339425587,4,764,97,0,4,0,0
CNN_SVR,Hanoi,all_results_5_CNN.pkl,CNN3,5,0.9930555555555556,0.9965156794425087,4,572,289,0,4,0,0
CNN_SVR,Hanoi,all_results_9_CNN.pkl,CNN,9,0.9895561357702349,0.994750656167979,4,379,482,0,4,0,0
CNN_SVR,Hanoi,all_results_9_CNN.pkl,CNN2,9,0.9934895833333334,0.9967341606792945,5,763,97,0,5,0,0
CNN_SVR,Hanoi,all_results_9_CNN.pkl,CNN3,9,0.9930434782608696,0.9965095986038395,4,571,290,0,4,0,0
CNN_SVR,Net1,all_results_11_CNN.pkl,CNN,11,0.9826254826254827,0.991236611489776,9,509,347,0,9,0,0
CNN_SVR,Net1,all_results_11_CNN.pkl,CNN2,11,0.9654676258992806,0.9824304538799414,24,671,170,0,24,0,0
CNN_SVR,Net1,all_results_11_CNN.pkl,CNN3,11,0.8566176470588235,0.9227722772277228,39,233,593,0,39,0,0
CNN_SVR,Net1,all_results_12_CNN.pkl,CNN,12,0.9488636363636364,0.9737609329446064,27,501,337,0,27,0,0
CNN_SVR,Net1,all_results_12_CNN.pkl,CNN2,12,0.9642346208869814,0.9817916970138383,25,674,166,0,25,0,0
CNN_SVR,Net1,all_results_12_CNN.pkl,CNN3,12,0.9494584837545126,0.9740740740740741,14,263,588,0,14,0,0
CNN_SVR,Net1,all_results_13_CNN.pkl,CNN,13,0.9653179190751445,0.9823529411764705,18,501,346,0,18,0,0
CNN_SVR,Net1,all_results_13_CNN.pkl,CNN2,13,0.9841726618705036,0.9920232052211748,11,684,170,0,11,0,0
CNN_SVR,Net1,all_results_13_CNN.pkl,CNN3,13,0.9485294117647058,0.9735849056603774,14,258,593,0,14,0,0
CNN_SVR,Net1,all_results_21_CNN.pkl,CNN,21,0.9241245136186771,0.9605662285136501,39,475,351,0,39,0,0
CNN_SVR,Net1,all_results_21_CNN.pkl,CNN2,21,0.9447592067988668,0.9715950473415877,39,667,159,0,39,0,0
CNN_SVR,Net1,all_results_21_CNN.pkl,CNN3,21,0.8475836431226765,0.9175050301810865,41,228,596,0,41,0,0
CNN_SVR,Net1,all_results_22_CNN.pkl,CNN,22,0.9696969696969697,0.9846153846153847,16,512,337,0,16,0,0
CNN_SVR,Net1,all_results_22_CNN.pkl,CNN2,22,0.9541666666666667,0.976545842217484,33,687,145,0,33,0,0
CNN_SVR,Net1,all_results_22_CNN.pkl,CNN3,22,0.9201388888888888,0.9584086799276673,23,265,577,0,23,0,0
CNN_SVR,Net1,all_results_23_CNN.pkl,CNN,23,0.9651162790697675,0.9822485207100592,18,498,349,0,18,0,0
CNN_SVR,Net1,all_results_23_CNN.pkl,CNN2,23,0.98,0.98989898989899,14,686,165,0,14,0,0
CNN_SVR,Net1,all_results_23_CNN.pkl,CNN3,23,0.9528985507246377,0.9758812615955473,13,263,589,0,13,0,0
CNN_SVR,Net1,all_results_31_CNN.pkl,CNN,31,0.9352941176470588,0.9665653495440729,33,477,355,0,33,0,0
CNN_SVR,Net1,all_results_31_CNN.pkl,CNN2,31,0.9543509272467903,0.9766423357664233,32,669,164,0,32,0,0
CNN_SVR,Net1,all_results_31_CNN.pkl,CNN3,31,0.9285714285714286,0.9629629629629629,19,247,599,0,19,0,0
CNN_SVR,Net1,all_results_32_CNN.pkl,CNN,32,0.9730250481695568,0.986328125,14,505,346,0,14,0,0
CNN_SVR,Net1,all_results_32_CNN.pkl,CNN2,32,0.9622377622377623,0.9807555238774056,27,688,150,0,27,0,0
CNN_SVR,Net1,all_results_32_CNN.pkl,CNN3,32,0.9178571428571428,0.957169459962756,23,257,585,0,23,0,0
CNN_univariate,Hanoi,all_results_16_CNN_Univariate.pkl,CNN_Univariate1,16,0.9921671018276762,0.9960681520314548,3,380,482,0,3,0,0
CNN_univariate,Hanoi,all_results_16_CNN_Univariate.pkl,CNN_Univariate2,16,0.9947368421052631,0.9973614775725593,3,567,295,0,3,0,0
CNN_univariate,Hanoi,all_results_16_CNN_Univariate.pkl,CNN_Univariate3,16,0.9921671018276762,0.9960681520314548,3,380,482,0,3,0,0
CNN_univariate,Hanoi,all_results_18_CNN_Univariate.pkl,CNN_Univariate1,18,0.9895833333333334,0.9947643979057592,4,380,481,0,4,0,0
CNN_univariate,Hanoi,all_results_18_CNN_Univariate.pkl,CNN_Univariate2,18,0.9930555555555556,0.9965156794425087,4,572,289,0,4,0,0
CNN_univariate,Hanoi,all_results_18_CNN_Univariate.pkl,CNN_Univariate3,18,0.9895833333333334,0.9947643979057592,4,380,481,0,4,0,0
CNN_univariate,Hanoi,all_results_20_CNN_Univariate.pkl,CNN_Univariate1,20,0.9895833333333334,0.9947643979057592,4,380,481,0,4,0,0
CNN_univariate,Hanoi,all_results_20_CNN_Univariate.pkl,CNN_Univariate2,20,0.9930555555555556,0.9965156794425087,4,572,289,0,4,0,0
CNN_univariate,Hanoi,all_results_20_CNN_Univariate.pkl,CNN_Univariate3,20,0.9895833333333334,0.9947643979057592,4,380,481,0,4,0,0
CNN_univariate,Hanoi,all_results_22_CNN_Univariate.pkl,CNN_Univariate1,22,0.9895833333333334,0.9947643979057592,4,380,481,0,4,0,0
CNN_univariate,Hanoi,all_results_22_CNN_Univariate.pkl,CNN_Univariate2,22,0.9947826086956522,0.997384481255449,3,572,290,0,3,0,0
CNN_univariate,Hanoi,all_results_22_CNN_Univariate.pkl,CNN_Univariate3,22,0.9895833333333334,0.9947643979057592,4,380,481,0,4,0,0
CNN_univariate,Hanoi,all_results_25_CNN_Univariate.pkl,CNN_Univariate1,25,0.9895287958115183,0.9947368421052631,4,378,483,0,4,0,0
CNN_univariate,Hanoi,all_results_25_CNN_Univariate.pkl,CNN_Univariate2,25,0.9930313588850174,0.9965034965034965,4,570,291,0,4,0,0
CNN_univariate,Hanoi,all_results_25_CNN_Univariate.pkl,CNN_Univariate3,25,0.9895287958115183,0.9947368421052631,4,378,483,0,4,0,0
CNN_univariate,Hanoi,all_results_31_CNN_Univariate.pkl,CNN_Univariate1,31,0.9868766404199475,0.9933949801849405,5,376,484,0,5,0,0
CNN_univariate,Hanoi,all_results_31_CNN_Univariate.pkl,CNN_Univariate2,31,0.9947460595446584,0.9973661106233538,3,568,294,0,3,0,0
CNN_univariate,Hanoi,all_results_31_CNN_Univariate.pkl,CNN_Univariate3,31,0.9868766404199475,0.9933949801849405,5,376,484,0,5,0,0
CNN_univariate,Hanoi,all_results_5_CNN_Univariate.pkl,CNN_Univariate1,5,0.9895833333333334,0.9947643979057592,4,380,481,0,4,0,0
CNN_univariate,Hanoi,all_results_5_CNN_Univariate.pkl,CNN_Univariate2,5,0.9930555555555556,0.9965156794425087,4,572,289,0,4,0,0
CNN_univariate,Hanoi,all_results_5_CNN_Univariate.pkl,CNN_Univariate3,5,0.9895833333333334,0.9947643979057592,4,380,481,0,4,0,0
CNN_univariate,Hanoi,all_results_9_CNN_Univariate.pkl,CNN_Univariate1,9,0.9895561357702349,0.994750656167979,4,379,482,0,4,0,0
CNN_univariate,Hanoi,all_results_9_CNN_Univariate.pkl,CNN_Univariate2,9,0.991304347826087,0.9956331877729258,5,570,290,0,5,0,0
CNN_univariate,Hanoi,all_results_9_CNN_Univariate.pkl,CNN_Univariate3,9,0.9895561357702349,0.994750656167979,4,379,482,0,4,0,0
CNN_univariate,Net1,all_results_11_CNN_Univariate.pkl,CNN_Univariate1,11,0.8185328185328186,0.9002123142250531,94,424,347,0,94,0,0
CNN_univariate,Net1,all_results_11_CNN_Univariate.pkl,CNN_Univariate2,11,0.8848920863309353,0.9389312977099237,80,615,170,0,80,0,0
CNN_univariate,Net1,all_results_11_CNN_Univariate.pkl,CNN_Univariate3,11,0.8345588235294118,0.9098196392785571,45,227,593,0,45,0,0
CNN_univariate,Net1,all_results_12_CNN_Univariate.pkl,CNN_Univariate1,12,0.9375,0.967741935483871,33,495,337,0,33,0,0
CNN_univariate,Net1,all_results_12_CNN_Univariate.pkl,CNN_Univariate2,12,1.0,0.9395161290322581,0,699,76,90,0,0,1
CNN_univariate,Net1,all_results_12_CNN_Univariate.pkl,CNN_Univariate3,12,0.9494584837545126,0.9740740740740741,14,263,588,0,14,0,0
CNN_univariate,Net1,all_results_13_CNN_Univariate.pkl,CNN_Univariate1,13,0.9576107899807321,0.9783464566929134,22,497,346,0,22,0,0
CNN_univariate,Net1,all_results_13_CNN_Univariate.pkl,CNN_Univariate2,13,1.0,0.904359141184125,0,695,23,147,0,0,1
CNN_univariate,Net1,all_results_13_CNN_Univariate.pkl,CNN_Univariate3,13,0.9485294117647058,0.9735849056603774,14,258,593,0,14,0,0
CNN_univariate,Net1,all_results_21_CNN_Univariate.pkl,CNN_Univariate1,21,0.9221789883268483,0.9595141700404858,40,474,351,0,40,0,0
CNN_univariate,Net1,all_results_21_CNN_Univariate.pkl,CNN_Univariate2,21,1.0,0.9051282051282051,0,706,11,148,0,0,1
CNN_univariate,Net1,all_results_21_CNN_Univariate.pkl,CNN_Univariate3,21,0.8513011152416357,0.9196787148594378,40,229,596,0,40,0,0
CNN_univariate,Net1,all_results_22_CNN_Univariate.pkl,CNN_Univariate1,22,0.9393939393939394,0.96875,32,496,337,0,32,0,0
CNN_univariate,Net1,all_results_22_CNN_Univariate.pkl,CNN_Univariate2,22,1.0,0.9436435124508519,0,720,59,86,0,0,1
CNN_univariate,Net1,all_results_22_CNN_Univariate.pkl,CNN_Univariate3,22,0.9201388888888888,0.9584086799276673,23,265,577,0,23,0,0
CNN_univariate,Net1,all_results_23_CNN_Univariate.pkl,CNN_Univariate1,23,1.0,0.7582659808963997,0,516,20,329,0,0,1
CNN_univariate,Net1,all_results_23_CNN_Univariate.pkl,CNN_Univariate2,23,0.98,0.98989898989899,14,686,165,0,14,0,0
CNN_univariate,Net1,all_results_23_CNN_Univariate.pkl,CNN_Univariate3,23,0.9166666666666666,0.9565217391304348,23,253,589,0,23,0,0
CNN_univariate,Net1,all_results_31_CNN_Univariate.pkl,CNN_Univariate1,31,0.10784313725490197,0.19469026548672566,455,55,355,0,455,0,0
CNN_univariate,Net1,all_results_31_CNN_Univariate.pkl,CNN_Univariate2,31,1.0,0.949221394719025,0,701,89,75,0,0,1
CNN_univariate,Net1,all_results_31_CNN_Univariate.pkl,CNN_Univariate3,31,1.0,0.6592317224287485,0,266,324,275,0,0,1
CNN_univariate,Net1,all_results_32_CNN_Univariate.pkl,CNN_Univariate1,32,0.9710982658959537,0.9853372434017595,15,504,346,0,15,0,0
CNN_univariate,Net1,all_results_32_CNN_Univariate.pkl,CNN_Univariate2,32,0.9426573426573427,0.9704823614110871,41,674,150,0,41,0,0
CNN_univariate,Net1,all_results_32_CNN_Univariate.pkl,CNN_Univariate3,32,0.825,0.9041095890410958,49,231,585,0,49,0,0
CNN_VAE,Hanoi,all_results_16_CNN_VAE.pkl,CNN_VAE,16,0.9921671018276762,0.9960681520314548,3,380,482,0,3,0,0
CNN_VAE,Hanoi,all_results_16_CNN_VAE.pkl,CNN_VAE2,16,0.9947780678851175,0.9973821989528796,4,762,99,0,4,0,0
CNN_VAE,Hanoi,all_results_16_CNN_VAE.pkl,CNN_VAE3,16,0.9947368421052631,0.9973614775725593,3,567,295,0,3,0,0
CNN_VAE,Hanoi,all_results_18_CNN_VAE.pkl,CNN_VAE,18,0.9895833333333334,0.9947643979057592,4,380,481,0,4,0,0
CNN_VAE,Hanoi,all_results_18_CNN_VAE.pkl,CNN_VAE2,18,0.9947916666666666,0.9973890339425587,4,764,97,0,4,0,0
CNN_VAE,Hanoi,all_results_18_CNN_VAE.pkl,CNN_VAE3,18,0.9930555555555556,0.9965156794425087,4,572,289,0,4,0,0
CNN_VAE,Hanoi,all_results_20_CNN_VAE.pkl,CNN_VAE,20,0.9895833333333334,0.9947643979057592,4,380,481,0,4,0,0
CNN_VAE,Hanoi,all_results_20_CNN_VAE.pkl,CNN_VAE2,20,0.99609375,0.9980430528375733,3,765,97,0,3,0,0
CNN_VAE,Hanoi,all_results_20_CNN_VAE.pkl,CNN_VAE3,20,0.9930555555555556,0.9965156794425087,4,572,289,0,4,0,0
CNN_VAE,Hanoi,all_results_22_CNN_VAE.pkl,CNN_VAE,22,0.9921875,0.996078431372549,3,381,481,0,3,0,0
CNN_VAE,Hanoi,all_results_22_CNN_VAE.pkl,CNN_VAE2,22,0.99609375,0.9980430528375733,3,765,97,0,3,0,0
CNN_VAE,Hanoi,all_results_22_CNN_VAE.pkl,CNN_VAE3,22,0.9947826086956522,0.997384481255449,3,572,290,0,3,0,0
CNN_VAE,Hanoi,all_results_25_CNN_VAE.pkl,CNN_VAE,25,0.9895287958115183,0.9947368421052631,4,378,483,0,4,0,0
CNN_VAE,Hanoi,all_results_25_CNN_VAE.pkl,CNN_VAE2,25,0.9947780678851175,0.9973821989528796,4,762,99,0,4,0,0
CNN_VAE,Hanoi,all_results_25_CNN_VAE.pkl,CNN_VAE3,25,0.9930313588850174,0.9965034965034965,4,570,291,0,4,0,0
CNN_VAE,Hanoi,all_results_31_CNN_VAE.pkl,CNN_VAE,31,0.9868766404199475,0.9933949801849405,5,376,484,0,5,0,0
CNN_VAE,Hanoi,all_results_31_CNN_VAE.pkl,CNN_VAE2,31,0.9960681520314548,0.9980302035456337,3,760,102,0,3,0,0
CNN_VAE,Hanoi,all_results_31_CNN_VAE.pkl,CNN_VAE3,31,0.9947460595446584,0.9973661106233538,3,568,294,0,3,0,0
CNN_VAE,Hanoi,all_results_5_CNN_VAE.pkl,CNN_VAE,5,0.9895833333333334,0.9947643979057592,4,380,481,0,4,0,0
CNN_VAE,Hanoi,all_results_5_CNN_VAE.pkl,CNN_VAE2,5,0.9947916666666666,0.9973890339425587,4,764,97,0,4,0,0
CNN_VAE,Hanoi,all_results_5_CNN_VAE.pkl,CNN_VAE3,5,0.9930555555555556,0.9965156794425087,4,572,289,0,4,0,0
CNN_VAE,Hanoi,all_results_9_CNN_VAE.pkl,CNN_VAE,9,0.9895561357702349,0.994750656167979,4,379,482,0,4,0,0
CNN_VAE,Hanoi,all_results_9_CNN_VAE.pkl,CNN_VAE2,9,0.9947916666666666,0.9973890339425587,4,764,97,0,4,0,0
CNN_VAE,Hanoi,all_results_9_CNN_VAE.pkl,CNN_VAE3,9,0.9930434782608696,0.9965095986038395,4,571,290,0,4,0,0
CNN_VAE,Net1,all_results_11_CNN_VAE.pkl,CNN_VAE,11,0.9227799227799228,0.9598393574297188,40,478,347,0,40,0,0
CNN_VAE,Net1,all_results_11_CNN_VAE.pkl,CNN_VAE2,11,0.9640287769784173,0.9816849816849816,25,670,170,0,25,0,0
CNN_VAE,Net1,all_results_11_CNN_VAE.pkl,CNN_VAE3,11,0.6654411764705882,0.7991169977924945,91,181,593,0,91,0,0
CNN_VAE,Net1,all_results_12_CNN_VAE.pkl,CNN_VAE,12,0.9431818181818182,0.9707602339181286,30,498,337,0,30,0,0
CNN_VAE,Net1,all_results_12_CNN_VAE.pkl,CNN_VAE2,12,0.9642346208869814,0.9817916970138383,25,674,166,0,25,0,0
CNN_VAE,Net1,all_results_12_CNN_VAE.pkl,CNN_VAE3,12,0.9675090252707581,0.9834862385321101,9,268,588,0,9,0,0
CNN_VAE,Net1,all_results_13_CNN_VAE.pkl,CNN_VAE,13,0.9730250481695568,0.986328125,14,505,346,0,14,0,0
CNN_VAE,Net1,all_results_13_CNN_VAE.pkl,CNN_VAE2,13,0.9884892086330935,0.9942112879884226,8,687,170,0,8,0,0
CNN_VAE,Net1,all_results_13_CNN_VAE.pkl,CNN_VAE3,13,0.9669117647058824,0.983177570093458,9,263,593,0,9,0,0
CNN_VAE,Net1,all_results_21_CNN_VAE.pkl,CNN_VAE,21,0.9260700389105059,0.9616161616161616,38,476,351,0,38,0,0
CNN_VAE,Net1,all_results_21_CNN_VAE.pkl,CNN_VAE2,21,0.9461756373937678,0.9723435225618632,38,668,159,0,38,0,0
CNN_VAE,Net1,all_results_21_CNN_VAE.pkl,CNN_VAE3,21,0.654275092936803,0.7910112359550562,93,176,596,0,93,0,0
CNN_VAE,Net1,all_results_22_CNN_VAE.pkl,CNN_VAE,22,0.9602272727272727,0.9797101449275363,21,507,337,0,21,0,0
CNN_VAE,Net1,all_results_22_CNN_VAE.pkl,CNN_VAE2,22,0.9541666666666667,0.976545842217484,33,687,145,0,33,0,0
CNN_VAE,Net1,all_results_22_CNN_VAE.pkl,CNN_VAE3,22,0.9340277777777778,0.9658886894075404,19,269,577,0,19,0,0
CNN_VAE,Net1,all_results_23_CNN_VAE.pkl,CNN_VAE,23,0.9651162790697675,0.9822485207100592,18,498,349,0,18,0,0
CNN_VAE,Net1,all_results_23_CNN_VAE.pkl,CNN_VAE2,23,0.99,0.9949748743718593,7,693,165,0,7,0,0
CNN_VAE,Net1,all_results_23_CNN_VAE.pkl,CNN_VAE3,23,0.967391304347826,0.9834254143646409,9,267,589,0,9,0,0
CNN_VAE,Net1,all_results_31_CNN_VAE.pkl,CNN_VAE,31,0.38235294117647056,0.5531914893617021,315,195,355,0,315,0,0
CNN_VAE,Net1,all_results_31_CNN_VAE.pkl,CNN_VAE2,31,0.9500713266761769,0.9743964886613021,35,666,164,0,35,0,0
CNN_VAE,Net1,all_results_31_CNN_VAE.pkl,CNN_VAE3,31,0.7969924812030075,0.8870292887029289,54,212,599,0,54,0,0
CNN_VAE,Net1,all_results_32_CNN_VAE.pkl,CNN_VAE,32,0.9826589595375722,0.9912536443148688,9,510,346,0,9,0,0
CNN_VAE,Net1,all_results_32_CNN_VAE.pkl,CNN_VAE2,32,0.9874125874125874,0.9936664320900774,9,706,150,0,9,0,0
CNN_VAE,Net1,all_results_32_CNN_VAE.pkl,CNN_VAE3,32,0.9285714285714286,0.9629629629629629,20,260,585,0,20,0,0
CNN_Windows_SVR,Hanoi,all_results_16_CNN_WINDOWS.pkl,CNN_Window,16,0.9686684073107049,0.9840848806366048,24,742,46,0,24,0,0
CNN_Windows_SVR,Hanoi,all_results_16_CNN_WINDOWS.pkl,CNN_Window2,16,0.9666666666666667,0.9830508474576272,19,551,242,0,19,0,0
CNN_Windows_SVR,Hanoi,all_results_16_CNN_WINDOWS.pkl,CNN_Window3,16,0.9242819843342036,0.9606512890094979,29,354,429,0,29,0,0
CNN_Windows_SVR,Hanoi,all_results_18_CNN_WINDOWS.pkl,CNN_Window,18,0.9674479166666666,0.9834546657842489,25,743,44,0,25,0,0
CNN_Windows_SVR,Hanoi,all_results_18_CNN_WINDOWS.pkl,CNN_Window2,18,0.9583333333333334,0.9787234042553191,24,552,236,0,24,0,0
CNN_Windows_SVR,Hanoi,all_results_18_CNN_WINDOWS.pkl,CNN_Window3,18,0.9192708333333334,0.9579375848032564,31,353,428,0,31,0,0
CNN_Windows_SVR,Hanoi,all_results_20_CNN_WINDOWS.pkl,CNN_Window,20,0.9739583333333334,0.9868073878627969,20,748,44,0,20,0,0
CNN_Windows_SVR,Hanoi,all_results_20_CNN_WINDOWS.pkl,CNN_Window2,20,0.9670138888888888,0.9832303618711385,19,557,236,0,19,0,0
CNN_Windows_SVR,Hanoi,all_results_20_CNN_WINDOWS.pkl,CNN_Window3,20,0.9427083333333334,0.9705093833780161,22,362,428,0,22,0,0
CNN_Windows_SVR,Hanoi,all_results_22_CNN_WINDOWS.pkl,CNN_Window,22,0.96875,0.9841269841269841,24,744,44,0,24,0,0
CNN_Windows_SVR,Hanoi,all_results_22_CNN_WINDOWS.pkl,CNN_Window2,22,0.9617391304347827,0.9804964539007093,22,553,237,0,22,0,0
CNN_Windows_SVR,Hanoi,all_results_22_CNN_WINDOWS.pkl,CNN_Window3,22,0.9296875,0.9635627530364372,27,357,428,0,27,0,0
CNN_Windows_SVR,Hanoi,all_results_25_CNN_WINDOWS.pkl,CNN_Window,25,0.9751958224543081,0.9874421678783873,19,747,46,0,19,0,0
CNN_Windows_SVR,Hanoi,all_results_25_CNN_WINDOWS.pkl,CNN_Window2,25,0.9703832752613241,0.9849690539345711,17,557,238,0,17,0,0
CNN_Windows_SVR,Hanoi,all_results_25_CNN_WINDOWS.pkl,CNN_Window3,25,0.9476439790575916,0.9731182795698925,20,362,430,0,20,0,0
CNN_Windows_SVR,Hanoi,all_results_31_CNN_WINDOWS.pkl,CNN_Window,31,0.9698558322411533,0.9846972721224219,23,740,49,0,23,0,0
CNN_Windows_SVR,Hanoi,all_results_31_CNN_WINDOWS.pkl,CNN_Window2,31,0.9649737302977233,0.982174688057041,20,551,241,0,20,0,0
CNN_Windows_SVR,Hanoi,all_results_31_CNN_WINDOWS.pkl,CNN_Window3,31,0.9212598425196851,0.9590163934426229,30,351,431,0,30,0,0
CNN_Windows_SVR,Hanoi,all_results_5_CNN_WINDOWS.pkl,CNN_Window,5,0.9713541666666666,0.9854689564068693,22,746,44,0,22,0,0
CNN_Windows_SVR,Hanoi,all_results_5_CNN_WINDOWS.pkl,CNN_Window2,5,0.96875,0.9841269841269841,18,558,236,0,18,0,0
CNN_Windows_SVR,Hanoi,all_results_5_CNN_WINDOWS.pkl,CNN_Window3,5,0.9322916666666666,0.9649595687331537,26,358,428,0,26,0,0
CNN_Windows_SVR,Hanoi,all_results_9_CNN_WINDOWS.pkl,CNN_Window,9,0.98046875,0.9901380670611439,15,753,44,0,15,0,0
CNN_Windows_SVR,Hanoi,all_results_9_CNN_WINDOWS.pkl,CNN_Window2,9,0.9773913043478261,0.9885664028144239,13,562,237,0,13,0,0
CNN_Windows_SVR,Hanoi,all_results_9_CNN_WINDOWS.pkl,CNN_Window3,9,0.9608355091383812,0.9800266311584553,15,368,429,0,15,0,0
CNN_Windows_SVR,Net1,all_results_11_CNN_Windows.pkl,CNN_Windows1,11,0.9555984555984556,0.9772951628825272,23,495,294,0,23,0,0
CNN_Windows_SVR,Net1,all_results_11_CNN_Windows.pkl,CNN_Windows2,11,0.9899280575539569,0.9949385394070861,7,688,117,0,7,0,0
CNN_Windows_SVR,Net1,all_results_11_CNN_Windows.pkl,CNN_Windows3,11,0.9742647058823529,0.9869646182495344,7,265,540,0,7,0,0
CNN_Windows_SVR,Net1,all_results_12_CNN_Windows.pkl,CNN_Windows1,12,0.9147727272727273,0.9554896142433235,45,483,284,0,45,0,0
CNN_Windows_SVR,Net1,all_results_12_CNN_Windows.pkl,CNN_Windows2,12,0.9542203147353362,0.9765739385065886,32,667,113,0,32,0,0
CNN_Windows_SVR,Net1,all_results_12_CNN_Windows.pkl,CNN_Windows3,12,0.9386281588447654,0.9683426443202979,17,260,535,0,17,0,0
CNN_Windows_SVR,Net1,all_results_13_CNN_Windows.pkl,CNN_Windows1,13,0.9576107899807321,0.9783464566929134,22,497,293,0,22,0,0
CNN_Windows_SVR,Net1,all_results_13_CNN_Windows.pkl,CNN_Windows2,13,0.9697841726618706,0.9846603360116873,21,674,117,0,21,0,0
CNN_Windows_SVR,Net1,all_results_13_CNN_Windows.pkl,CNN_Windows3,13,0.9705882352941176,0.9850746268656716,8,264,540,0,8,0,0
CNN_Windows_SVR,Net1,all_results_21_CNN_Windows.pkl,CNN_Windows1,21,0.9571984435797666,0.9781312127236581,22,492,298,0,22,0,0
CNN_Windows_SVR,Net1,all_results_21_CNN_Windows.pkl,CNN_Windows2,21,0.9929178470254958,0.9964463397299218,5,701,106,0,5,0,0
CNN_Windows_SVR,Net1,all_results_21_CNN_Windows.pkl,CNN_Windows3,21,0.9702602230483272,0.9849056603773585,8,261,543,0,8,0,0
CNN_Windows_SVR,Net1,all_results_22_CNN_Windows.pkl,CNN_Windows1,22,0.9242424242424242,0.9606299212598425,40,488,284,0,40,0,0
CNN_Windows_SVR,Net1,all_results_22_CNN_Windows.pkl,CNN_Windows2,22,0.9236111111111112,0.9602888086642599,55,665,92,0,55,0,0
CNN_Windows_SVR,Net1,all_results_22_CNN_Windows.pkl,CNN_Windows3,22,0.8888888888888888,0.9411764705882353,32,256,524,0,32,0,0
CNN_Windows_SVR,Net1,all_results_23_CNN_Windows.pkl,CNN_Windows1,23,0.9534883720930233,0.9761904761904762,24,492,296,0,24,0,0
CNN_Windows_SVR,Net1,all_results_23_CNN_Windows.pkl,CNN_Windows2,23,0.9771428571428571,0.9884393063583815,16,684,112,0,16,0,0
CNN_Windows_SVR,Net1,all_results_23_CNN_Windows.pkl,CNN_Windows3,23,0.9420289855072463,0.9701492537313433,16,260,536,0,16,0,0
CNN_Windows_SVR,Net1,all_results_31_CNN_Windows.pkl,CNN_Windows1,31,0.9607843137254902,0.98,20,490,302,0,20,0,0
CNN_Windows_SVR,Net1,all_results_31_CNN_Windows.pkl,CNN_Windows2,31,0.9215406562054208,0.9591685226429102,55,646,111,0,55,0,0
CNN_Windows_SVR,Net1,all_results_31_CNN_Windows.pkl,CNN_Windows3,31,0.9210526315789473,0.958904109589041,21,245,546,0,21,0,0
CNN_Windows_SVR,Net1,all_results_32_CNN_Windows.pkl,CNN_Windows1,32,0.9807321772639692,0.9902723735408561,10,509,293,0,10,0,0
CNN_Windows_SVR,Net1,all_results_32_CNN_Windows.pkl,CNN_Windows2,32,0.9874125874125874,0.9936664320900774,9,706,97,0,9,0,0
CNN_Windows_SVR,Net1,all_results_32_CNN_Windows.pkl,CNN_Windows3,32,0.9392857142857143,0.9686924493554327,17,263,532,0,17,0,0
IsolationForest,Hanoi,all_results_16_ISO_FOREST_ALARM.pkl,IsoForest1,16,0.9738903394255874,0.9867724867724867,20,746,49,0,20,0,0
IsolationForest,Hanoi,all_results_16_ISO_FOREST_ALARM.pkl,IsoForest2,16,0.9666666666666667,0.9830508474576272,19,551,245,0,19,0,0
IsolationForest,Hanoi,all_results_16_ISO_FOREST_ALARM.pkl,IsoForest3,16,0.9503916449086162,0.9745649263721553,19,364,432,0,19,0,0
IsolationForest,Hanoi,all_results_18_ISO_FOREST_ALARM.pkl,IsoForest1,18,0.9752604166666666,0.987475280158207,19,749,47,0,19,0,0
IsolationForest,Hanoi,all_results_18_ISO_FOREST_ALARM.pkl,IsoForest2,18,0.9670138888888888,0.9832303618711385,19,557,239,0,19,0,0
IsolationForest,Hanoi,all_results_18_ISO_FOREST_ALARM.pkl,IsoForest3,18,1.0,0.9660377358490566,0,384,404,27,0,0,1
IsolationForest,Hanoi,all_results_20_ISO_FOREST_ALARM.pkl,IsoForest1,20,0.9752604166666666,0.987475280158207,19,749,47,0,19,0,0
IsolationForest,Hanoi,all_results_20_ISO_FOREST_ALARM.pkl,IsoForest2,20,0.9670138888888888,0.9832303618711385,19,557,239,0,19,0,0
IsolationForest,Hanoi,all_results_20_ISO_FOREST_ALARM.pkl,IsoForest3,20,0.9505208333333334,0.9746328437917223,19,365,431,0,19,0,0
IsolationForest,Hanoi,all_results_22_ISO_FOREST_ALARM.pkl,IsoForest1,22,0.9739583333333334,0.9868073878627969,20,748,47,0,20,0,0
IsolationForest,Hanoi,all_results_22_ISO_FOREST_ALARM.pkl,IsoForest2,22,0.9669565217391304,0.9832007073386384,19,556,240,0,19,0,0
IsolationForest,Hanoi,all_results_22_ISO_FOREST_ALARM.pkl,IsoForest3,22,0.9505208333333334,0.9746328437917223,19,365,431,0,19,0,0
IsolationForest,Hanoi,all_results_25_ISO_FOREST_ALARM.pkl,IsoForest1,25,0.9751958224543081,0.9874421678783873,19,747,49,0,19,0,0
IsolationForest,Hanoi,all_results_25_ISO_FOREST_ALARM.pkl,IsoForest2,25,0.9668989547038328,0.983170947741364,19,555,241,0,19,0,0
IsolationForest,Hanoi,all_results_25_ISO_FOREST_ALARM.pkl,IsoForest3,25,0.9502617801047121,0.974496644295302,19,363,433,0,19,0,0
IsolationForest,Hanoi,all_results_31_ISO_FOREST_ALARM.pkl,IsoForest1,31,0.9750982961992136,0.9873921698739216,19,744,52,0,19,0,0
IsolationForest,Hanoi,all_results_31_ISO_FOREST_ALARM.pkl,IsoForest2,31,0.9667250437828371,0.9830810329474622,19,552,244,0,19,0,0
IsolationForest,Hanoi,all_results_31_ISO_FOREST_ALARM.pkl,IsoForest3,31,1.0,0.9756722151088348,0,381,415,19,0,0,1
IsolationForest,Hanoi,all_results_5_ISO_FOREST_ALARM.pkl,IsoForest1,5,0.9752604166666666,0.987475280158207,19,749,47,0,19,0,0
IsolationForest,Hanoi,all_results_5_ISO_FOREST_ALARM.pkl,IsoForest2,5,0.9670138888888888,0.9832303618711385,19,557,239,0,19,0,0
IsolationForest,Hanoi,all_results_5_ISO_FOREST_ALARM.pkl,IsoForest3,5,0.9505208333333334,0.9746328437917223,19,365,431,0,19,0,0
IsolationForest,Hanoi,all_results_9_ISO_FOREST_ALARM.pkl,IsoForest1,9,0.9739583333333334,0.9868073878627969,20,748,47,0,20,0,0
IsolationForest,Hanoi,all_results_9_ISO_FOREST_ALARM.pkl,IsoForest2,9,0.9669565217391304,0.9832007073386384,19,556,240,0,19,0,0
IsolationForest,Hanoi,all_results_9_ISO_FOREST_ALARM.pkl,IsoForest3,9,0.9503916449086162,0.9745649263721553,19,364,432,0,19,0,0
IsolationForest,Net1,all_results_11_ISO_FOREST_ALARM.pkl,IsoForest1,11,1.0,0.8533772652388797,0,518,149,178,0,0,1
IsolationForest,Net1,all_results_11_ISO_FOREST_ALARM.pkl,IsoForest2,11,1.0,0.9992810927390366,0,695,149,1,0,0,1
IsolationForest,Net1,all_results_11_ISO_FOREST_ALARM.pkl,IsoForest3,11,0.0,0.0,272,0,573,0,272,1,0
IsolationForest,Net1,all_results_12_ISO_FOREST_ALARM.pkl,IsoForest1,12,0.0,0.0,528,0,317,0,528,1,0
IsolationForest,Net1,all_results_12_ISO_FOREST_ALARM.pkl,IsoForest2,12,0.0,0.0,699,0,146,0,699,1,0
IsolationForest,Net1,all_results_12_ISO_FOREST_ALARM.pkl,IsoForest3,12,0.0,0.0,277,0,568,0,277,1,0
IsolationForest,Net1,all_results_13_ISO_FOREST_ALARM.pkl,IsoForest1,13,1.0,0.8550247116968699,0,519,150,176,0,0,1
IsolationForest,Net1,all_results_13_ISO_FOREST_ALARM.pkl,IsoForest2,13,0.0,0.0,695,0,150,0,695,1,0
IsolationForest,Net1,all_results_13_ISO_FOREST_ALARM.pkl,IsoForest3,13,0.9227941176470589,0.9598470363288719,21,251,573,0,21,0,0
IsolationForest,Net1,all_results_21_ISO_FOREST_ALARM.pkl,IsoForest1,21,1.0,0.8509933774834437,0,514,151,180,0,0,1
IsolationForest,Net1,all_results_21_ISO_FOREST_ALARM.pkl,IsoForest2,21,0.025495750708215296,0.049723756906077346,688,18,139,0,688,0,0
IsolationForest,Net1,all_results_21_ISO_FOREST_ALARM.pkl,IsoForest3,21,0.0,0.0,269,0,576,0,269,1,0
IsolationForest,Net1,all_results_22_ISO_FOREST_ALARM.pkl,IsoForest1,22,1.0,0.9759704251386322,0,528,291,26,0,0,1
IsolationForest,Net1,all_results_22_ISO_FOREST_ALARM.pkl,IsoForest2,22,0.0,0.0,720,0,125,0,720,1,0
IsolationForest,Net1,all_results_22_ISO_FOREST_ALARM.pkl,IsoForest3,22,0.0,0.0,288,0,557,0,288,1,0
IsolationForest,Net1,all_results_23_ISO_FOREST_ALARM.pkl,IsoForest1,23,1.0,0.8607172643869891,0,516,162,167,0,0,1
IsolationForest,Net1,all_results_23_ISO_FOREST_ALARM.pkl,IsoForest2,23,0.022857142857142857,0.0446927374301676,684,16,145,0,684,0,0
IsolationForest,Net1,all_results_23_ISO_FOREST_ALARM.pkl,IsoForest3,23,0.0,0.0,276,0,569,0,276,1,0
IsolationForest,Net1,all_results_31_ISO_FOREST_ALARM.pkl,IsoForest1,31,0.0,0.0,510,0,335,0,510,1,0
IsolationForest,Net1,all_results_31_ISO_FOREST_ALARM.pkl,IsoForest2,31,0.0,0.0,701,0,144,0,701,1,0
IsolationForest,Net1,all_results_31_ISO_FOREST_ALARM.pkl,IsoForest3,31,0.0,0.0,266,0,579,0,266,1,0
IsolationForest,Net1,all_results_32_ISO_FOREST_ALARM.pkl,IsoForest1,32,1.0,0.9719101123595506,0,519,296,30,0,0,1
IsolationForest,Net1,all_results_32_ISO_FOREST_ALARM.pkl,IsoForest2,32,1.0,0.9814687714481812,0,715,103,27,0,0,1
IsolationForest,Net1,all_results_32_ISO_FOREST_ALARM.pkl,IsoForest3,32,1.0,0.6060606060606061,0,280,201,364,0,0,1
LOF,Hanoi,all_results_16_LOF_ALARM.pkl,LOF1,16,0.9738903394255874,0.9867724867724867,20,746,79,0,20,0,0
LOF,Hanoi,all_results_16_LOF_ALARM.pkl,LOF2,16,0.968421052631579,0.983957219251337,18,552,275,0,18,0,0
LOF,Hanoi,all_results_16_LOF_ALARM.pkl,LOF3,16,0.9556135770234987,0.9773030707610146,17,366,462,0,17,0,0
LOF,Hanoi,all_results_18_LOF_ALARM.pkl,LOF1,18,0.9752604166666666,0.987475280158207,19,749,77,0,19,0,0
LOF,Hanoi,all_results_18_LOF_ALARM.pkl,LOF2,18,1.0,0.8807339449541285,0,576,113,156,0,0,1
LOF,Hanoi,all_results_18_LOF_ALARM.pkl,LOF3,18,0.9505208333333334,0.9746328437917223,19,365,461,0,19,0,0
LOF,Hanoi,all_results_20_LOF_ALARM.pkl,LOF1,20,0.9752604166666666,0.987475280158207,19,749,77,0,19,0,0
LOF,Hanoi,all_results_20_LOF_ALARM.pkl,LOF2,20,1.0,0.8820826952526799,0,576,115,154,0,0,1
LOF,Hanoi,all_results_20_LOF_ALARM.pkl,LOF3,20,0.9505208333333334,0.9746328437917223,19,365,461,0,19,0,0
LOF,Hanoi,all_results_22_LOF_ALARM.pkl,LOF1,22,0.9752604166666666,0.987475280158207,19,749,77,0,19,0,0
LOF,Hanoi,all_results_22_LOF_ALARM.pkl,LOF2,22,1.0,0.8819018404907976,0,575,116,154,0,0,1
LOF,Hanoi,all_results_22_LOF_ALARM.pkl,LOF3,22,0.9505208333333334,0.9746328437917223,19,365,461,0,19,0,0
LOF,Hanoi,all_results_25_LOF_ALARM.pkl,LOF1,25,0.9751958224543081,0.9874421678783873,19,747,79,0,19,0,0
LOF,Hanoi,all_results_25_LOF_ALARM.pkl,LOF2,25,1.0,0.8823981552651806,0,574,118,153,0,0,1
LOF,Hanoi,all_results_25_LOF_ALARM.pkl,LOF3,25,0.9528795811518325,0.9758713136729222,18,364,463,0,18,0,0
LOF,Hanoi,all_results_31_LOF_ALARM.pkl,LOF1,31,0.9750982961992136,0.9873921698739216,19,744,82,0,19,0,0
LOF,Hanoi,all_results_31_LOF_ALARM.pkl,LOF2,31,1.0,0.8825347758887172,0,571,122,152,0,0,1
LOF,Hanoi,all_results_31_LOF_ALARM.pkl,LOF3,31,0.94750656167979,0.9730458221024259,20,361,464,0,20,0,0
LOF,Hanoi,all_results_5_LOF_ALARM.pkl,LOF1,5,0.9752604166666666,0.987475280158207,19,749,77,0,19,0,0
LOF,Hanoi,all_results_5_LOF_ALARM.pkl,LOF2,5,1.0,0.8820826952526799,0,576,115,154,0,0,1
LOF,Hanoi,all_results_5_LOF_ALARM.pkl,LOF3,5,0.9505208333333334,0.9746328437917223,19,365,461,0,19,0,0
LOF,Hanoi,all_results_9_LOF_ALARM.pkl,LOF1,9,0.9739583333333334,0.9868073878627969,20,748,77,0,20,0,0
LOF,Hanoi,all_results_9_LOF_ALARM.pkl,LOF2,9,0.9669565217391304,0.9832007073386384,19,556,270,0,19,0,0
LOF,Hanoi,all_results_9_LOF_ALARM.pkl,LOF3,9,0.9530026109660574,0.9759358288770054,18,365,462,0,18,0,0
LOF,Net1,all_results_11_LOF_ALARM_net1.pkl,LOF1,11,0.8745173745173745,0.933058702368692,65,453,327,0,65,0,0
LOF,Net1,all_results_11_LOF_ALARM_net1.pkl,LOF2,11,0.9539568345323741,0.9764359351988218,32,663,150,0,32,0,0
LOF,Net1,all_results_11_LOF_ALARM_net1.pkl,LOF3,11,0.7536764705882353,0.859538784067086,67,205,573,0,67,0,0
LOF,Net1,all_results_12_LOF_ALARM_net1.pkl,LOF1,12,1.0,0.8712871287128713,0,528,161,156,0,0,1
LOF,Net1,all_results_12_LOF_ALARM_net1.pkl,LOF2,12,0.7982832618025751,0.8878281622911695,141,558,146,0,141,0,0
LOF,Net1,all_results_12_LOF_ALARM_net1.pkl,LOF3,12,0.7509025270758123,0.8577319587628865,69,208,568,0,69,0,0
LOF,Net1,all_results_13_LOF_ALARM_net1.pkl,LOF1,13,0.9325626204238922,0.9651046859421735,35,484,326,0,35,0,0
LOF,Net1,all_results_13_LOF_ALARM_net1.pkl,LOF2,13,0.9482014388489208,0.9734121122599705,36,659,150,0,36,0,0
LOF,Net1,all_results_13_LOF_ALARM_net1.pkl,LOF3,13,1.0,0.6437869822485207,0,272,272,301,0,0,1
LOF,Net1,all_results_21_LOF_ALARM_net1.pkl,LOF1,21,0.8793774319066148,0.9358178053830227,62,452,331,0,62,0,0
LOF,Net1,all_results_21_LOF_ALARM_net1.pkl,LOF2,21,0.9135977337110481,0.9548482605477424,61,645,139,0,61,0,0
LOF,Net1,all_results_21_LOF_ALARM_net1.pkl,LOF3,21,0.8513011152416357,0.9196787148594378,40,229,576,0,40,0,0
LOF,Net1,all_results_22_LOF_ALARM_net1.pkl,LOF1,22,0.8106060606060606,0.895397489539749,100,428,317,0,100,0,0
LOF,Net1,all_results_22_LOF_ALARM_net1.pkl,LOF2,22,0.0,0.0,720,0,125,0,720,1,0
LOF,Net1,all_results_22_LOF_ALARM_net1.pkl,LOF3,22,0.8125,0.896551724137931,54,234,557,0,54,0,0
LOF,Net1,all_results_23_LOF_ALARM_net1.pkl,LOF1,23,0.9457364341085271,0.9721115537848606,28,488,329,0,28,0,0
LOF,Net1,all_results_23_LOF_ALARM_net1.pkl,LOF2,23,0.9714285714285714,0.9855072463768116,20,680,145,0,20,0,0
LOF,Net1,all_results_23_LOF_ALARM_net1.pkl,LOF3,23,1.0,0.965034965034965,0,276,549,20,0,0,1
LOF,Net1,all_results_31_LOF_ALARM_net1.pkl,LOF1,31,0.7254901960784313,0.8409090909090909,140,370,335,0,140,0,0
LOF,Net1,all_results_31_LOF_ALARM_net1.pkl,LOF2,31,0.5192582025677603,0.6835680751173709,337,364,144,0,337,0,0
LOF,Net1,all_results_31_LOF_ALARM_net1.pkl,LOF3,31,0.849624060150376,0.9186991869918699,40,226,579,0,40,0,0
LOF,Net1,all_results_32_LOF_ALARM_net1.pkl,LOF1,32,0.8978805394990366,0.9461928934010152,53,466,326,0,53,0,0
LOF,Net1,all_results_32_LOF_ALARM_net1.pkl,LOF2,32,0.9608391608391609,0.9800285306704708,28,687,130,0,28,0,0
LOF,Net1,all_results_32_LOF_ALARM_net1.pkl,LOF3,32,0.7964285714285714,0.8866799204771372,57,223,565,0,57,0,0
LSTM_AE,Hanoi,all_results_16_LSTM_AUTOENCODER.pkl,LSTM_AUTOENCODER_ALARM,16,0.9738903394255874,0.9867724867724867,20,746,99,0,20,0,0
LSTM_AE,Hanoi,all_results_16_LSTM_AUTOENCODER.pkl,LSTM_AUTOENCODER_ALARM2,16,0.9666666666666667,0.9830508474576272,19,551,295,0,19,0,0
LSTM_AE,Hanoi,all_results_16_LSTM_AUTOENCODER.pkl,LSTM_AUTOENCODER_ALARM3,16,0.9477806788511749,0.9731903485254692,20,363,482,0,20,0,0
LSTM_AE,Hanoi,all_results_18_LSTM_AUTOENCODER.pkl,LSTM_AUTOENCODER_ALARM,18,1.0,0.9993493819128172,0,768,96,1,0,0,1
LSTM_AE,Hanoi,all_results_18_LSTM_AUTOENCODER.pkl,LSTM_AUTOENCODER_ALARM2,18,0.9670138888888888,0.9832303618711385,19,557,289,0,19,0,0
LSTM_AE,Hanoi,all_results_18_LSTM_AUTOENCODER.pkl,LSTM_AUTOENCODER_ALARM3,18,0.9505208333333334,0.9746328437917223,19,365,481,0,19,0,0
LSTM_AE,Hanoi,all_results_20_LSTM_AUTOENCODER.pkl,LSTM_AUTOENCODER_ALARM,20,0.9752604166666666,0.987475280158207,19,749,97,0,19,0,0
LSTM_AE,Hanoi,all_results_20_LSTM_AUTOENCODER.pkl,LSTM_AUTOENCODER_ALARM2,20,0.9809027777777778,0.9903593339176161,11,565,289,0,11,0,0
LSTM_AE,Hanoi,all_results_20_LSTM_AUTOENCODER.pkl,LSTM_AUTOENCODER_ALARM3,20,0.9505208333333334,0.9746328437917223,19,365,481,0,19,0,0
LSTM_AE,Hanoi,all_results_22_LSTM_AUTOENCODER.pkl,LSTM_AUTOENCODER_ALARM,22,0.98046875,0.9901380670611439,15,753,97,0,15,0,0
LSTM_AE,Hanoi,all_results_22_LSTM_AUTOENCODER.pkl,LSTM_AUTOENCODER_ALARM2,22,0.9669565217391304,0.9832007073386384,19,556,290,0,19,0,0
LSTM_AE,Hanoi,all_results_22_LSTM_AUTOENCODER.pkl,LSTM_AUTOENCODER_ALARM3,22,0.9479166666666666,0.9732620320855615,20,364,481,0,20,0,0
LSTM_AE,Hanoi,all_results_25_LSTM_AUTOENCODER.pkl,LSTM_AUTOENCODER_ALARM,25,0.9751958224543081,0.9874421678783873,19,747,99,0,19,0,0
LSTM_AE,Hanoi,all_results_25_LSTM_AUTOENCODER.pkl,LSTM_AUTOENCODER_ALARM2,25,0.9668989547038328,0.983170947741364,19,555,291,0,19,0,0
LSTM_AE,Hanoi,all_results_25_LSTM_AUTOENCODER.pkl,LSTM_AUTOENCODER_ALARM3,25,1.0,0.9622166246851386,0,382,453,30,0,0,1
LSTM_AE,Hanoi,all_results_31_LSTM_AUTOENCODER.pkl,LSTM_AUTOENCODER_ALARM,31,0.9842726081258192,0.9920739762219286,12,751,102,0,12,0,0
LSTM_AE,Hanoi,all_results_31_LSTM_AUTOENCODER.pkl,LSTM_AUTOENCODER_ALARM2,31,0.9667250437828371,0.9830810329474622,19,552,294,0,19,0,0
LSTM_AE,Hanoi,all_results_31_LSTM_AUTOENCODER.pkl,LSTM_AUTOENCODER_ALARM3,31,0.9448818897637795,0.97165991902834,21,360,484,0,21,0,0
LSTM_AE,Hanoi,all_results_5_LSTM_AUTOENCODER.pkl,LSTM_AUTOENCODER_ALARM,5,0.9752604166666666,0.987475280158207,19,749,97,0,19,0,0
LSTM_AE,Hanoi,all_results_5_LSTM_AUTOENCODER.pkl,LSTM_AUTOENCODER_ALARM2,5,0.9670138888888888,0.9832303618711385,19,557,289,0,19,0,0
LSTM_AE,Hanoi,all_results_5_LSTM_AUTOENCODER.pkl,LSTM_AUTOENCODER_ALARM3,5,0.9505208333333334,0.9746328437917223,19,365,481,0,19,0,0
LSTM_AE,Hanoi,all_results_9_LSTM_AUTOENCODER.pkl,LSTM_AUTOENCODER_ALARM,9,0.9739583333333334,0.9868073878627969,20,748,97,0,20,0,0
LSTM_AE,Hanoi,all_results_9_LSTM_AUTOENCODER.pkl,LSTM_AUTOENCODER_ALARM2,9,0.9669565217391304,0.9832007073386384,19,556,290,0,19,0,0
LSTM_AE,Hanoi,all_results_9_LSTM_AUTOENCODER.pkl,LSTM_AUTOENCODER_ALARM3,9,0.9503916449086162,0.9745649263721553,19,364,482,0,19,0,0
LSTM_AE,Net1,all_results_11_LSTM_AUTOENCODER.pkl,LSTM_AUTOENCODER_ALARM,11,0.9845559845559846,0.9922178988326849,8,510,347,0,8,0,0
LSTM_AE,Net1,all_results_11_LSTM_AUTOENCODER.pkl,LSTM_AUTOENCODER_ALARM2,11,0.0,0.0,695,0,170,0,695,1,0
LSTM_AE,Net1,all_results_11_LSTM_AUTOENCODER.pkl,LSTM_AUTOENCODER_ALARM3,11,0.9154411764705882,0.9558541266794626,23,249,593,0,23,0,0
LSTM_AE,Net1,all_results_12_LSTM_AUTOENCODER.pkl,LSTM_AUTOENCODER_ALARM,12,0.8977272727272727,0.9461077844311377,54,474,337,0,54,0,0
LSTM_AE,Net1,all_results_12_LSTM_AUTOENCODER.pkl,LSTM_AUTOENCODER_ALARM2,12,0.0,0.0,699,0,166,0,699,1,0
LSTM_AE,Net1,all_results_12_LSTM_AUTOENCODER.pkl,LSTM_AUTOENCODER_ALARM3,12,0.47653429602888087,0.6454767726161369,145,132,588,0,145,0,0
LSTM_AE,Net1,all_results_13_LSTM_AUTOENCODER.pkl,LSTM_AUTOENCODER_ALARM,13,0.9113680154142582,0.9536290322580645,46,473,346,0,46,0,0
LSTM_AE,Net1,all_results_13_LSTM_AUTOENCODER.pkl,LSTM_AUTOENCODER_ALARM2,13,0.9151079136690647,0.9556724267468069,59,636,170,0,59,0,0
LSTM_AE,Net1,all_results_13_LSTM_AUTOENCODER.pkl,LSTM_AUTOENCODER_ALARM3,13,1.0,0.5596707818930041,0,272,165,428,0,0,1
LSTM_AE,Net1,all_results_21_LSTM_AUTOENCODER.pkl,LSTM_AUTOENCODER_ALARM,21,0.0,0.0,514,0,351,0,514,1,0
LSTM_AE,Net1,all_results_21_LSTM_AUTOENCODER.pkl,LSTM_AUTOENCODER_ALARM2,21,0.8711048158640227,0.93111279333838,91,615,159,0,91,0,0
LSTM_AE,Net1,all_results_21_LSTM_AUTOENCODER.pkl,LSTM_AUTOENCODER_ALARM3,21,1.0,0.9981447124304267,0,269,595,1,0,0,1
LSTM_AE,Net1,all_results_22_LSTM_AUTOENCODER.pkl,LSTM_AUTOENCODER_ALARM,22,0.8049242424242424,0.8919202518363064,103,425,337,0,103,0,0
LSTM_AE,Net1,all_results_22_LSTM_AUTOENCODER.pkl,LSTM_AUTOENCODER_ALARM2,22,0.0,0.0,720,0,145,0,720,1,0
LSTM_AE,Net1,all_results_22_LSTM_AUTOENCODER.pkl,LSTM_AUTOENCODER_ALARM3,22,0.6284722222222222,0.7718550106609808,107,181,577,0,107,0,0
LSTM_AE,Net1,all_results_23_LSTM_AUTOENCODER.pkl,LSTM_AUTOENCODER_ALARM,23,0.9302325581395349,0.963855421686747,36,480,349,0,36,0,0
LSTM_AE,Net1,all_results_23_LSTM_AUTOENCODER.pkl,LSTM_AUTOENCODER_ALARM2,23,0.9357142857142857,0.966789667896679,45,655,165,0,45,0,0
LSTM_AE,Net1,all_results_23_LSTM_AUTOENCODER.pkl,LSTM_AUTOENCODER_ALARM3,23,0.8985507246376812,0.9465648854961832,28,248,589,0,28,0,0
LSTM_AE,Net1,all_results_31_LSTM_AUTOENCODER.pkl,LSTM_AUTOENCODER_ALARM,31,0.8294117647058824,0.9067524115755627,87,423,355,0,87,0,0
LSTM_AE,Net1,all_results_31_LSTM_AUTOENCODER.pkl,LSTM_AUTOENCODER_ALARM2,31,0.9686162624821684,0.9840579710144928,22,679,164,0,22,0,0
LSTM_AE,Net1,all_results_31_LSTM_AUTOENCODER.pkl,LSTM_AUTOENCODER_ALARM3,31,0.8533834586466166,0.920892494929006,39,227,599,0,39,0,0
LSTM_AE,Net1,all_results_32_LSTM_AUTOENCODER.pkl,LSTM_AUTOENCODER_ALARM,32,0.9556840077071291,0.9773399014778326,23,496,346,0,23,0,0
LSTM_AE,Net1,all_results_32_LSTM_AUTOENCODER.pkl,LSTM_AUTOENCODER_ALARM2,32,0.9496503496503497,0.9741750358680057,36,679,150,0,36,0,0
LSTM_AE,Net1,all_results_32_LSTM_AUTOENCODER.pkl,LSTM_AUTOENCODER_ALARM3,32,0.9,0.9473684210526315,28,252,585,0,28,0,0
OneClassSVM,Hanoi,all_results_16_ONE_CLASS_SVM_ALARM.pkl,OneClassSVM1,16,0.9804177545691906,0.990112063282795,15,751,79,0,15,0,0
OneClassSVM,Hanoi,all_results_16_ONE_CLASS_SVM_ALARM.pkl,OneClassSVM2,16,0.9754385964912281,0.9875666074600356,14,556,275,0,14,0,0
OneClassSVM,Hanoi,all_results_16_ONE_CLASS_SVM_ALARM.pkl,OneClassSVM3,16,0.9634464751958225,0.9813829787234043,14,369,462,0,14,0,0
OneClassSVM,Hanoi,all_results_18_ONE_CLASS_SVM_ALARM.pkl,OneClassSVM1,18,0.9817708333333334,0.9908015768725361,14,754,77,0,14,0,0
OneClassSVM,Hanoi,all_results_18_ONE_CLASS_SVM_ALARM.pkl,OneClassSVM2,18,0.9756944444444444,0.9876977152899824,14,562,269,0,14,0,0
OneClassSVM,Hanoi,all_results_18_ONE_CLASS_SVM_ALARM.pkl,OneClassSVM3,18,0.9635416666666666,0.9814323607427056,14,370,461,0,14,0,0
OneClassSVM,Hanoi,all_results_20_ONE_CLASS_SVM_ALARM.pkl,OneClassSVM1,20,0.9817708333333334,0.9908015768725361,14,754,77,0,14,0,0
OneClassSVM,Hanoi,all_results_20_ONE_CLASS_SVM_ALARM.pkl,OneClassSVM2,20,0.9756944444444444,0.9876977152899824,14,562,269,0,14,0,0
OneClassSVM,Hanoi,all_results_20_ONE_CLASS_SVM_ALARM.pkl,OneClassSVM3,20,0.9635416666666666,0.9814323607427056,14,370,461,0,14,0,0
OneClassSVM,Hanoi,all_results_22_ONE_CLASS_SVM_ALARM.pkl,OneClassSVM1,22,0.9817708333333334,0.9908015768725361,14,754,77,0,14,0,0
OneClassSVM,Hanoi,all_results_22_ONE_CLASS_SVM_ALARM.pkl,OneClassSVM2,22,0.9756521739130435,0.9876760563380281,14,561,270,0,14,0,0
OneClassSVM,Hanoi,all_results_22_ONE_CLASS_SVM_ALARM.pkl,OneClassSVM3,22,0.9635416666666666,0.9814323607427056,14,370,461,0,14,0,0
OneClassSVM,Hanoi,all_results_25_ONE_CLASS_SVM_ALARM.pkl,OneClassSVM1,25,0.9817232375979112,0.9907773386034255,14,752,79,0,14,0,0
OneClassSVM,Hanoi,all_results_25_ONE_CLASS_SVM_ALARM.pkl,OneClassSVM2,25,0.975609756097561,0.9876543209876543,14,560,271,0,14,0,0
OneClassSVM,Hanoi,all_results_25_ONE_CLASS_SVM_ALARM.pkl,OneClassSVM3,25,0.9633507853403142,0.9813333333333333,14,368,463,0,14,0,0
OneClassSVM,Hanoi,all_results_31_ONE_CLASS_SVM_ALARM.pkl,OneClassSVM1,31,0.981651376146789,0.9907407407407407,14,749,82,0,14,0,0
OneClassSVM,Hanoi,all_results_31_ONE_CLASS_SVM_ALARM.pkl,OneClassSVM2,31,0.9754816112084063,0.9875886524822695,14,557,274,0,14,0,0
OneClassSVM,Hanoi,all_results_31_ONE_CLASS_SVM_ALARM.pkl,OneClassSVM3,31,0.958005249343832,0.9785522788203753,16,365,464,0,16,0,0
OneClassSVM,Hanoi,all_results_5_ONE_CLASS_SVM_ALARM.pkl,OneClassSVM1,5,0.9817708333333334,0.9908015768725361,14,754,77,0,14,0,0
OneClassSVM,Hanoi,all_results_5_ONE_CLASS_SVM_ALARM.pkl,OneClassSVM2,5,0.9756944444444444,0.9876977152899824,14,562,269,0,14,0,0
OneClassSVM,Hanoi,all_results_5_ONE_CLASS_SVM_ALARM.pkl,OneClassSVM3,5,0.9635416666666666,0.9814323607427056,14,370,461,0,14,0,0
OneClassSVM,Hanoi,all_results_9_ONE_CLASS_SVM_ALARM.pkl,OneClassSVM1,9,0.98046875,0.9901380670611439,15,753,77,0,15,0,0
OneClassSVM,Hanoi,all_results_9_ONE_CLASS_SVM_ALARM.pkl,OneClassSVM2,9,0.9756521739130435,0.9876760563380281,14,561,270,0,14,0,0
OneClassSVM,Hanoi,all_results_9_ONE_CLASS_SVM_ALARM.pkl,OneClassSVM3,9,0.9634464751958225,0.9813829787234043,14,369,462,0,14,0,0
OneClassSVM,Net1,all_results_11_ONE_CLASS_SVM_ALARM_net1.pkl,OneClassSVM1,11,0.9131274131274131,0.9545913218970736,45,473,327,0,45,0,0
OneClassSVM,Net1,all_results_11_ONE_CLASS_SVM_ALARM_net1.pkl,OneClassSVM2,11,0.9525179856115108,0.9756816507000737,33,662,150,0,33,0,0
OneClassSVM,Net1,all_results_11_ONE_CLASS_SVM_ALARM_net1.pkl,OneClassSVM3,11,0.8860294117647058,0.9395711500974658,31,241,573,0,31,0,0
OneClassSVM,Net1,all_results_12_ONE_CLASS_SVM_ALARM_net1.pkl,OneClassSVM1,12,1.0,0.8641571194762684,0,528,151,166,0,0,1
OneClassSVM,Net1,all_results_12_ONE_CLASS_SVM_ALARM_net1.pkl,OneClassSVM2,12,0.8898426323319027,0.9417108251324754,77,622,146,0,77,0,0
OneClassSVM,Net1,all_results_12_ONE_CLASS_SVM_ALARM_net1.pkl,OneClassSVM3,12,0.8483754512635379,0.91796875,42,235,568,0,42,0,0
OneClassSVM,Net1,all_results_13_ONE_CLASS_SVM_ALARM_net1.pkl,OneClassSVM1,13,1.0,0.859983429991715,0,519,157,169,0,0,1
OneClassSVM,Net1,all_results_13_ONE_CLASS_SVM_ALARM_net1.pkl,OneClassSVM2,13,0.9568345323741008,0.9779411764705882,30,665,150,0,30,0,0
OneClassSVM,Net1,all_results_13_ONE_CLASS_SVM_ALARM_net1.pkl,OneClassSVM3,13,0.9301470588235294,0.9638095238095238,19,253,573,0,19,0,0
OneClassSVM,Net1,all_results_21_ONE_CLASS_SVM_ALARM_net1.pkl,OneClassSVM1,21,1.0,0.8552412645590682,0,514,157,174,0,0,1
OneClassSVM,Net1,all_results_21_ONE_CLASS_SVM_ALARM_net1.pkl,OneClassSVM2,21,0.9376770538243626,0.9678362573099415,44,662,139,0,44,0,0
OneClassSVM,Net1,all_results_21_ONE_CLASS_SVM_ALARM_net1.pkl,OneClassSVM3,21,0.8921933085501859,0.9430255402750491,29,240,576,0,29,0,0
OneClassSVM,Net1,all_results_22_ONE_CLASS_SVM_ALARM_net1.pkl,OneClassSVM1,22,0.8977272727272727,0.9461077844311377,54,474,317,0,54,0,0
OneClassSVM,Net1,all_results_22_ONE_CLASS_SVM_ALARM_net1.pkl,OneClassSVM2,22,0.9208333333333333,0.9587852494577006,57,663,125,0,57,0,0
OneClassSVM,Net1,all_results_22_ONE_CLASS_SVM_ALARM_net1.pkl,OneClassSVM3,22,0.8472222222222222,0.9172932330827067,44,244,557,0,44,0,0
OneClassSVM,Net1,all_results_23_ONE_CLASS_SVM_ALARM_net1.pkl,OneClassSVM1,23,0.9457364341085271,0.9721115537848606,28,488,329,0,28,0,0
OneClassSVM,Net1,all_results_23_ONE_CLASS_SVM_ALARM_net1.pkl,OneClassSVM2,23,0.9742857142857143,0.9869753979739508,18,682,145,0,18,0,0
OneClassSVM,Net1,all_results_23_ONE_CLASS_SVM_ALARM_net1.pkl,OneClassSVM3,23,1.0,0.8846153846153846,0,276,497,72,0,0,1
OneClassSVM,Net1,all_results_31_ONE_CLASS_SVM_ALARM_net1.pkl,OneClassSVM1,31,0.9607843137254902,0.98,20,490,335,0,20,0,0
OneClassSVM,Net1,all_results_31_ONE_CLASS_SVM_ALARM_net1.pkl,OneClassSVM2,31,0.9443651925820257,0.971386647101981,39,662,144,0,39,0,0
OneClassSVM,Net1,all_results_31_ONE_CLASS_SVM_ALARM_net1.pkl,OneClassSVM3,31,0.8947368421052632,0.9444444444444444,28,238,579,0,28,0,0
OneClassSVM,Net1,all_results_32_ONE_CLASS_SVM_ALARM_net1.pkl,OneClassSVM1,32,0.9460500963391136,0.9722772277227723,28,491,326,0,28,0,0
OneClassSVM,Net1,all_results_32_ONE_CLASS_SVM_ALARM_net1.pkl,OneClassSVM2,32,0.965034965034965,0.9822064056939501,25,690,130,0,25,0,0
OneClassSVM,Net1,all_results_32_ONE_CLASS_SVM_ALARM_net1.pkl,OneClassSVM3,32,0.8857142857142857,0.9393939393939394,32,248,565,0,32,0,0
SVR,Hanoi,all_results_16_SVR_ALARM.pkl,SVR1,16,0.9921671018276762,0.9960681520314548,6,760,51,0,6,0,0
SVR,Hanoi,all_results_16_SVR_ALARM.pkl,SVR2,16,0.9929824561403509,0.9964788732394366,4,566,247,0,4,0,0
SVR,Hanoi,all_results_16_SVR_ALARM.pkl,SVR3,16,0.9843342036553525,0.9921052631578947,6,377,434,0,6,0,0
SVR,Hanoi,all_results_18_SVR_ALARM.pkl,SVR1,18,0.9869791666666666,0.9934469200524246,10,758,49,0,10,0,0
SVR,Hanoi,all_results_18_SVR_ALARM.pkl,SVR2,18,0.984375,0.9921259842519685,9,567,241,0,9,0,0
SVR,Hanoi,all_results_18_SVR_ALARM.pkl,SVR3,18,0.9895833333333334,0.9947643979057592,4,380,433,0,4,0,0
SVR,Hanoi,all_results_20_SVR_ALARM.pkl,SVR1,20,0.9908854166666666,0.9954218443427076,7,761,49,0,7,0,0
SVR,Hanoi,all_results_20_SVR_ALARM.pkl,SVR2,20,0.9861111111111112,0.993006993006993,8,568,241,0,8,0,0
SVR,Hanoi,all_results_20_SVR_ALARM.pkl,SVR3,20,0.9869791666666666,0.9934469200524246,5,379,433,0,5,0,0
SVR,Hanoi,all_results_22_SVR_ALARM.pkl,SVR1,22,0.9934895833333334,0.9967341606792945,5,763,49,0,5,0,0
SVR,Hanoi,all_results_22_SVR_ALARM.pkl,SVR2,22,0.9930434782608696,0.9965095986038395,4,571,242,0,4,0,0
SVR,Hanoi,all_results_22_SVR_ALARM.pkl,SVR3,22,0.9869791666666666,0.9934469200524246,5,379,433,0,5,0,0
SVR,Hanoi,all_results_25_SVR_ALARM.pkl,SVR1,25,0.9934725848563969,0.9967256057629339,5,761,51,0,5,0,0
SVR,Hanoi,all_results_25_SVR_ALARM.pkl,SVR2,25,0.9930313588850174,0.9965034965034965,4,570,243,0,4,0,0
SVR,Hanoi,all_results_25_SVR_ALARM.pkl,SVR3,25,0.9842931937172775,0.9920844327176781,6,376,435,0,6,0,0
SVR,Hanoi,all_results_31_SVR_ALARM.pkl,SVR1,31,0.9934469200524246,0.9967126890203813,5,758,54,0,5,0,0
SVR,Hanoi,all_results_31_SVR_ALARM.pkl,SVR2,31,0.9929947460595446,0.9964850615114236,4,567,246,0,4,0,0
SVR,Hanoi,all_results_31_SVR_ALARM.pkl,SVR3,31,0.9816272965879265,0.990728476821192,7,374,436,0,7,0,0
SVR,Hanoi,all_results_5_SVR_ALARM.pkl,SVR1,5,0.9934895833333334,0.9967341606792945,5,763,49,0,5,0,0
SVR,Hanoi,all_results_5_SVR_ALARM.pkl,SVR2,5,0.9861111111111112,0.993006993006993,8,568,241,0,8,0,0
SVR,Hanoi,all_results_5_SVR_ALARM.pkl,SVR3,5,0.9895833333333334,0.9947643979057592,4,380,433,0,4,0,0
SVR,Hanoi,all_results_9_SVR_ALARM.pkl,SVR1,9,0.9921875,0.996078431372549,6,762,49,0,6,0,0
SVR,Hanoi,all_results_9_SVR_ALARM.pkl,SVR2,9,0.9878260869565217,0.9938757655293088,7,568,242,0,7,0,0
SVR,Hanoi,all_results_9_SVR_ALARM.pkl,SVR3,9,0.9895561357702349,0.994750656167979,4,379,434,0,4,0,0
SVR,Net1,all_results_11_SVR_ALARM_net1.pkl,SVR1,11,0.9073359073359073,0.951417004048583,48,470,299,0,48,0,0
SVR,Net1,all_results_11_SVR_ALARM_net1.pkl,SVR2,11,0.9165467625899281,0.9564564564564565,58,637,122,0,58,0,0
SVR,Net1,all_results_11_SVR_ALARM_net1.pkl,SVR3,11,0.8786764705882353,0.9354207436399217,33,239,545,0,33,0,0
SVR,Net1,all_results_12_SVR_ALARM_net1.pkl,SVR1,12,0.8522727272727273,0.9202453987730062,78,450,289,0,78,0,0
SVR,Net1,all_results_12_SVR_ALARM_net1.pkl,SVR2,12,0.9155937052932761,0.9559372666168783,59,640,118,0,59,0,0
SVR,Net1,all_results_12_SVR_ALARM_net1.pkl,SVR3,12,0.592057761732852,0.7437641723356009,113,164,540,0,113,0,0
SVR,Net1,all_results_13_SVR_ALARM_net1.pkl,SVR1,13,0.9036608863198459,0.9493927125506073,50,469,298,0,50,0,0
SVR,Net1,all_results_13_SVR_ALARM_net1.pkl,SVR2,13,0.9266187050359712,0.9619118745332338,51,644,122,0,51,0,0
SVR,Net1,all_results_13_SVR_ALARM_net1.pkl,SVR3,13,1.0,0.5614035087719298,0,272,120,425,0,0,1
SVR,Net1,all_results_21_SVR_ALARM_net1.pkl,SVR1,21,0.9299610894941635,0.9637096774193549,36,478,303,0,36,0,0
SVR,Net1,all_results_21_SVR_ALARM_net1.pkl,SVR2,21,0.9065155807365439,0.950965824665676,66,640,111,0,66,0,0
SVR,Net1,all_results_21_SVR_ALARM_net1.pkl,SVR3,21,0.8698884758364313,0.9304174950298211,35,234,548,0,35,0,0
SVR,Net1,all_results_22_SVR_ALARM_net1.pkl,SVR1,22,0.8598484848484849,0.924643584521385,74,454,289,0,74,0,0
SVR,Net1,all_results_22_SVR_ALARM_net1.pkl,SVR2,22,0.8902777777777777,0.9419544452608376,79,641,97,0,79,0,0
SVR,Net1,all_results_22_SVR_ALARM_net1.pkl,SVR3,22,0.8194444444444444,0.9007633587786259,52,236,529,0,52,0,0
SVR,Net1,all_results_23_SVR_ALARM_net1.pkl,SVR1,23,0.9302325581395349,0.963855421686747,36,480,301,0,36,0,0
SVR,Net1,all_results_23_SVR_ALARM_net1.pkl,SVR2,23,0.9585714285714285,0.9788475565280816,29,671,117,0,29,0,0
SVR,Net1,all_results_23_SVR_ALARM_net1.pkl,SVR3,23,0.8985507246376812,0.9465648854961832,28,248,541,0,28,0,0
SVR,Net1,all_results_31_SVR_ALARM_net1.pkl,SVR1,31,0.9627450980392157,0.981018981018981,19,491,307,0,19,0,0
SVR,Net1,all_results_31_SVR_ALARM_net1.pkl,SVR2,31,1.0,0.9964463397299218,0,701,111,5,0,0,1
SVR,Net1,all_results_31_SVR_ALARM_net1.pkl,SVR3,31,0.8796992481203008,0.936,32,234,551,0,32,0,0
SVR,Net1,all_results_32_SVR_ALARM_net1.pkl,SVR1,32,0.953757225433526,0.9763313609467456,24,495,298,0,24,0,0
SVR,Net1,all_results_32_SVR_ALARM_net1.pkl,SVR2,32,0.9636363636363636,0.9814814814814815,26,689,102,0,26,0,0
SVR,Net1,all_results_32_SVR_ALARM_net1.pkl,SVR3,32,0.8964285714285715,0.9453860640301318,29,251,537,0,29,0,0
VAE,Hanoi,all_results_16_VAE.pkl,VAE,16,0.9882352941176471,0.9940828402366864,9,756,0,0,9,0,0
VAE,Hanoi,all_results_16_VAE.pkl,VAE2,16,0.9929824561403509,0.9964788732394366,4,566,195,0,4,0,0
VAE,Hanoi,all_results_16_VAE.pkl,VAE3,16,0.9817232375979112,0.9907773386034255,7,376,382,0,7,0,0
VAE,Hanoi,all_results_18_VAE.pkl,VAE,18,0.9947712418300654,0.9973787680209698,4,761,0,0,4,0,0
VAE,Hanoi,all_results_18_VAE.pkl,VAE2,18,0.9930555555555556,0.9965156794425087,4,572,189,0,4,0,0
VAE,Hanoi,all_results_18_VAE.pkl,VAE3,18,0.984375,0.9921259842519685,6,378,381,0,6,0,0
VAE,Hanoi,all_results_20_VAE.pkl,VAE,20,0.9947712418300654,0.9973787680209698,4,761,0,0,4,0,0
VAE,Hanoi,all_results_20_VAE.pkl,VAE2,20,0.9947916666666666,0.9973890339425587,3,573,189,0,3,0,0
VAE,Hanoi,all_results_20_VAE.pkl,VAE3,20,0.9895833333333334,0.9947643979057592,4,380,381,0,4,0,0
VAE,Hanoi,all_results_22_VAE.pkl,VAE,22,0.9947712418300654,0.9973787680209698,4,761,0,0,4,0,0
VAE,Hanoi,all_results_22_VAE.pkl,VAE2,22,0.9930434782608696,0.9965095986038395,4,571,190,0,4,0,0
VAE,Hanoi,all_results_22_VAE.pkl,VAE3,22,0.9895833333333334,0.9947643979057592,4,380,381,0,4,0,0
VAE,Hanoi,all_results_25_VAE.pkl,VAE,25,0.9947712418300654,0.9973787680209698,4,761,0,0,4,0,0
VAE,Hanoi,all_results_25_VAE.pkl,VAE2,25,0.9930313588850174,0.9965034965034965,4,570,191,0,4,0,0
VAE,Hanoi,all_results_25_VAE.pkl,VAE3,25,0.9895287958115183,0.9947368421052631,4,378,383,0,4,0,0
VAE,Hanoi,all_results_31_VAE.pkl,VAE,31,0.9947575360419397,0.9973718791064389,4,759,2,0,4,0,0
VAE,Hanoi,all_results_31_VAE.pkl,VAE2,31,0.9929947460595446,0.9964850615114236,4,567,194,0,4,0,0
VAE,Hanoi,all_results_31_VAE.pkl,VAE3,31,0.984251968503937,0.9920634920634921,6,375,384,0,6,0,0
VAE,Hanoi,all_results_5_VAE.pkl,VAE,5,0.9947712418300654,0.9973787680209698,4,761,0,0,4,0,0
VAE,Hanoi,all_results_5_VAE.pkl,VAE2,5,0.9930555555555556,0.9965156794425087,4,572,189,0,4,0,0
VAE,Hanoi,all_results_5_VAE.pkl,VAE3,5,0.9895833333333334,0.9947643979057592,4,380,381,0,4,0,0
VAE,Hanoi,all_results_9_VAE.pkl,VAE,9,0.9947712418300654,0.9973787680209698,4,761,0,0,4,0,0
VAE,Hanoi,all_results_9_VAE.pkl,VAE2,9,0.9930434782608696,0.9965095986038395,4,571,190,0,4,0,0
VAE,Hanoi,all_results_9_VAE.pkl,VAE3,9,0.9895561357702349,0.994750656167979,4,379,382,0,4,0,0
VAE,Net1,all_results_11_VAE.pkl,VAE,11,0.8687258687258688,0.9297520661157025,68,450,247,0,68,0,0
VAE,Net1,all_results_11_VAE.pkl,VAE2,11,0.9136690647482014,0.9548872180451128,60,635,70,0,60,0,0
VAE,Net1,all_results_11_VAE.pkl,VAE3,11,0.8235294117647058,0.9032258064516129,48,224,493,0,48,0,0
VAE,Net1,all_results_12_VAE.pkl,VAE,12,0.0,0.0,528,0,237,0,528,1,0
VAE,Net1,all_results_12_VAE.pkl,VAE2,12,0.0,0.0,699,0,66,0,699,1,0
VAE,Net1,all_results_12_VAE.pkl,VAE3,12,0.0,0.0,277,0,488,0,277,1,0
VAE,Net1,all_results_13_VAE.pkl,VAE,13,0.8227360308285164,0.9027484143763214,92,427,246,0,92,0,0
VAE,Net1,all_results_13_VAE.pkl,VAE2,13,0.8489208633093526,0.9182879377431906,105,590,70,0,105,0,0
VAE,Net1,all_results_13_VAE.pkl,VAE3,13,0.7463235294117647,0.8547368421052631,69,203,493,0,69,0,0
VAE,Net1,all_results_21_VAE.pkl,VAE,21,0.9085603112840467,0.9520897043832823,47,467,251,0,47,0,0
VAE,Net1,all_results_21_VAE.pkl,VAE2,21,0.9178470254957507,0.9571639586410635,58,648,59,0,58,0,0
VAE,Net1,all_results_21_VAE.pkl,VAE3,21,0.8327137546468402,0.9087221095334685,45,224,496,0,45,0,0
VAE,Net1,all_results_22_VAE.pkl,VAE,22,1.0,0.8911392405063291,0,528,108,129,0,0,1
VAE,Net1,all_results_22_VAE.pkl,VAE2,22,0.8958333333333334,0.945054945054945,75,645,45,0,75,0,0
VAE,Net1,all_results_22_VAE.pkl,VAE3,22,1.0,0.6095238095238096,0,288,108,369,0,0,1
VAE,Net1,all_results_23_VAE.pkl,VAE,23,0.8953488372093024,0.9447852760736196,54,462,249,0,54,0,0
VAE,Net1,all_results_23_VAE.pkl,VAE2,23,0.9185714285714286,0.9575577066269546,57,643,65,0,57,0,0
VAE,Net1,all_results_23_VAE.pkl,VAE3,23,0.8442028985507246,0.9155206286836935,43,233,489,0,43,0,0
VAE,Net1,all_results_31_VAE.pkl,VAE,31,0.9196078431372549,0.958120531154239,41,469,255,0,41,0,0
VAE,Net1,all_results_31_VAE.pkl,VAE2,31,1.0,0.9797344514325647,0,701,35,29,0,0,1
VAE,Net1,all_results_31_VAE.pkl,VAE3,31,0.8007518796992481,0.8893528183716075,53,213,499,0,53,0,0
VAE,Net1,all_results_32_VAE.pkl,VAE,32,0.9325626204238922,0.9651046859421735,35,484,246,0,35,0,0
VAE,Net1,all_results_32_VAE.pkl,VAE2,32,0.9664335664335665,0.9829302987197724,24,691,50,0,24,0,0
VAE,Net1,all_results_32_VAE.pkl,VAE3,32,0.8428571428571429,0.9147286821705426,44,236,485,0,44,0,0
VAE_CNN,Hanoi,all_results_16_Embedding_CNN.pkl,Embedding_CNN,16,0.97911227154047,0.9894459102902374,16,750,99,0,16,0,0
VAE_CNN,Hanoi,all_results_16_Embedding_CNN.pkl,Embedding_CNN2,16,0.9719298245614035,0.9857651245551602,16,554,295,0,16,0,0
VAE_CNN,Hanoi,all_results_16_Embedding_CNN.pkl,Embedding_CNN3,16,0.9086161879895561,0.9521203830369357,35,348,482,0,35,0,0
VAE_CNN,Hanoi,all_results_18_Embedding_CNN.pkl,Embedding_CNN,18,0.9778645833333334,0.9888084265964451,17,751,97,0,17,0,0
VAE_CNN,Hanoi,all_results_18_Embedding_CNN.pkl,Embedding_CNN2,18,0.9548611111111112,0.9769094138543517,26,550,289,0,26,0,0
VAE_CNN,Hanoi,all_results_18_Embedding_CNN.pkl,Embedding_CNN3,18,0.9010416666666666,0.947945205479452,38,346,481,0,38,0,0
VAE_CNN,Hanoi,all_results_20_Embedding_CNN.pkl,Embedding_CNN,20,0.9700520833333334,0.9847984137475215,23,745,97,0,23,0,0
VAE_CNN,Hanoi,all_results_20_Embedding_CNN.pkl,Embedding_CNN2,20,0.9635416666666666,0.9814323607427056,21,555,289,0,21,0,0
VAE_CNN,Hanoi,all_results_20_Embedding_CNN.pkl,Embedding_CNN3,20,0.890625,0.9421487603305785,42,342,481,0,42,0,0
VAE_CNN,Hanoi,all_results_22_Embedding_CNN.pkl,Embedding_CNN,22,0.96875,0.9841269841269841,24,744,97,0,24,0,0
VAE_CNN,Hanoi,all_results_22_Embedding_CNN.pkl,Embedding_CNN2,22,0.9547826086956521,0.9768683274021353,26,549,290,0,26,0,0
VAE_CNN,Hanoi,all_results_22_Embedding_CNN.pkl,Embedding_CNN3,22,0.8828125,0.9377593360995851,45,339,481,0,45,0,0
VAE_CNN,Hanoi,all_results_25_Embedding_CNN.pkl,Embedding_CNN,25,0.97911227154047,0.9894459102902374,16,750,99,0,16,0,0
VAE_CNN,Hanoi,all_results_25_Embedding_CNN.pkl,Embedding_CNN2,25,0.9616724738675958,0.9804618117229129,22,552,291,0,22,0,0
VAE_CNN,Hanoi,all_results_25_Embedding_CNN.pkl,Embedding_CNN3,25,0.900523560209424,0.9476584022038568,38,344,483,0,38,0,0
VAE_CNN,Hanoi,all_results_31_Embedding_CNN.pkl,Embedding_CNN,31,0.9724770642201835,0.986046511627907,21,742,102,0,21,0,0
VAE_CNN,Hanoi,all_results_31_Embedding_CNN.pkl,Embedding_CNN2,31,0.968476357267951,0.9839857651245552,18,553,294,0,18,0,0
VAE_CNN,Hanoi,all_results_31_Embedding_CNN.pkl,Embedding_CNN3,31,0.905511811023622,0.9504132231404959,36,345,484,0,36,0,0
VAE_CNN,Hanoi,all_results_5_Embedding_CNN.pkl,Embedding_CNN,5,0.9713541666666666,0.9854689564068693,22,746,97,0,22,0,0
VAE_CNN,Hanoi,all_results_5_Embedding_CNN.pkl,Embedding_CNN2,5,0.9635416666666666,0.9814323607427056,21,555,289,0,21,0,0
VAE_CNN,Hanoi,all_results_5_Embedding_CNN.pkl,Embedding_CNN3,5,0.8854166666666666,0.9392265193370166,44,340,481,0,44,0,0
VAE_CNN,Hanoi,all_results_9_Embedding_CNN.pkl,Embedding_CNN,9,0.9817708333333334,0.9908015768725361,14,754,97,0,14,0,0
VAE_CNN,Hanoi,all_results_9_Embedding_CNN.pkl,Embedding_CNN2,9,0.9617391304347827,0.9804964539007093,22,553,290,0,22,0,0
VAE_CNN,Hanoi,all_results_9_Embedding_CNN.pkl,Embedding_CNN3,9,0.8981723237597912,0.9463548830811555,39,344,482,0,39,0,0
VAE_CNN,Net1,all_results_11_Embeddings_CNN.pkl,VAE_CNN,11,0.9555984555984556,0.9772951628825272,23,495,347,0,23,0,0
VAE_CNN,Net1,all_results_11_Embeddings_CNN.pkl,VAE_CNN2,11,0.9884892086330935,0.9942112879884226,8,687,170,0,8,0,0
VAE_CNN,Net1,all_results_11_Embeddings_CNN.pkl,VAE_CNN3,11,1.0,0.9837251356238698,0,272,584,9,0,0,1
VAE_CNN,Net1,all_results_12_Embeddings_CNN.pkl,VAE_CNN,12,0.9621212121212122,0.9806949806949807,20,508,337,0,20,0,0
VAE_CNN,Net1,all_results_12_Embeddings_CNN.pkl,VAE_CNN2,12,1.0,0.8978805394990366,0,699,7,159,0,0,1
VAE_CNN,Net1,all_results_12_Embeddings_CNN.pkl,VAE_CNN3,12,1.0,0.496415770609319,0,277,26,562,0,0,1
VAE_CNN,Net1,all_results_13_Embeddings_CNN.pkl,VAE_CNN,13,0.9672447013487476,0.9833496571988247,17,502,346,0,17,0,0
VAE_CNN,Net1,all_results_13_Embeddings_CNN.pkl,VAE_CNN2,13,0.9971223021582734,0.9985590778097982,2,693,170,0,2,0,0
VAE_CNN,Net1,all_results_13_Embeddings_CNN.pkl,VAE_CNN3,13,1.0,0.9784172661870504,0,272,581,12,0,0,1
VAE_CNN,Net1,all_results_21_Embeddings_CNN.pkl,VAE_CNN,21,0.9260700389105059,0.9616161616161616,38,476,351,0,38,0,0
VAE_CNN,Net1,all_results_21_Embeddings_CNN.pkl,VAE_CNN2,21,0.9915014164305949,0.9957325746799431,6,700,159,0,6,0,0
VAE_CNN,Net1,all_results_21_Embeddings_CNN.pkl,VAE_CNN3,21,0.9628252788104089,0.9810606060606061,10,259,596,0,10,0,0
VAE_CNN,Net1,all_results_22_Embeddings_CNN.pkl,VAE_CNN,22,0.9715909090909091,0.9855907780979827,15,513,337,0,15,0,0
VAE_CNN,Net1,all_results_22_Embeddings_CNN.pkl,VAE_CNN2,22,1.0,0.9749492213947191,0,720,108,37,0,0,1
VAE_CNN,Net1,all_results_22_Embeddings_CNN.pkl,VAE_CNN3,22,1.0,0.9245585874799358,0,288,530,47,0,0,1
VAE_CNN,Net1,all_results_23_Embeddings_CNN.pkl,VAE_CNN,23,0.9767441860465116,0.9882352941176471,12,504,349,0,12,0,0
VAE_CNN,Net1,all_results_23_Embeddings_CNN.pkl,VAE_CNN2,23,1.0,1.0,0,700,165,0,0,0,1
VAE_CNN,Net1,all_results_23_Embeddings_CNN.pkl,VAE_CNN3,23,0.9963768115942029,0.9981851179673321,1,275,589,0,1,0,0
VAE_CNN,Net1,all_results_31_Embeddings_CNN.pkl,VAE_CNN,31,0.10980392156862745,0.1978798586572438,454,56,355,0,454,0,0
VAE_CNN,Net1,all_results_31_Embeddings_CNN.pkl,VAE_CNN2,31,0.0,0.0,701,0,164,0,701,1,0
VAE_CNN,Net1,all_results_31_Embeddings_CNN.pkl,VAE_CNN3,31,0.8609022556390977,0.9252525252525252,37,229,599,0,37,0,0
VAE_CNN,Net1,all_results_32_Embeddings_CNN.pkl,VAE_CNN,32,0.9865125240847784,0.9932104752667313,7,512,346,0,7,0,0
VAE_CNN,Net1,all_results_32_Embeddings_CNN.pkl,VAE_CNN2,32,0.9986013986013986,0.9993002099370188,1,714,150,0,1,0,0
VAE_CNN,Net1,all_results_32_Embeddings_CNN.pkl,VAE_CNN3,32,0.9785714285714285,0.9891696750902527,6,274,585,0,6,0,0
